time	mcs	nss	bw	rssi	throughput_monitor	datarate	pktlost_ack	nbpkt_monitor	retry	nbpkt_ack	pktlost_seq_initial	pktlost_seq_new	bad_fcs	distance	antenna	LoS
8.100001	7.0	3.0	80.0	-64.5193	5221020.0	975.0	14.0	181.0	2.0	4146.0	65.0	11995.0	0.0	15	fan	1
8.200652	7.0	3.0	80.0	-64.6933	4201850.0	975.0	16.0	150.0	0.0	1022.0	36.0	4733.0	0.0	15	fan	1
8.300663		Nan		Nan			11.0	0.0	0.0	1006.0	0.0	0.0	0.0	15	fan	1
8.401525		Nan		Nan			16.0	0.0	0.0	1050.0	0.0	0.0	0.0	15	fan	1
8.502597		Nan		Nan			7.0	0.0	0.0	1042.0	0.0	0.0	0.0	15	fan	1
8.603334		Nan		Nan			24.0	0.0	0.0	1064.0	0.0	0.0	0.0	15	fan	1
8.704765		Nan		Nan			20.0	0.0	0.0	1084.0	0.0	0.0	0.0	15	fan	1
8.804974		Nan		Nan			43.0	0.0	0.0	1028.0	0.0	0.0	0.0	15	fan	1
8.905778		Nan		Nan			35.0	0.0	0.0	1075.0	0.0	0.0	0.0	15	fan	1
9.007037	7.0	3.0	80.0	-64.7121	3745420.0	975.0	35.0	132.0	3.0	982.0	36.0	20793.0	0.0	15	fan	1
9.107844		Nan		Nan			2.0	0.0	0.0	894.0	0.0	0.0	0.0	15	fan	1
9.208958	7.0	3.0	80.0	-64.6538	737423.0	975.0	4.0	26.0	3.0	874.0	6.0	1651.0	0.0	15	fan	1
9.309262		Nan		Nan			6.0	0.0	0.0	859.0	0.0	0.0	0.0	15	fan	1
9.409899		Nan		Nan			15.0	0.0	0.0	863.0	0.0	0.0	0.0	15	fan	1
9.510077		Nan		Nan			12.0	0.0	0.0	876.0	0.0	0.0	0.0	15	fan	1
9.610396		Nan		Nan			50.0	0.0	0.0	851.0	0.0	0.0	0.0	15	fan	1
9.711629		Nan		Nan			11.0	0.0	0.0	897.0	0.0	0.0	0.0	15	fan	1
9.812388		Nan		Nan			10.0	0.0	0.0	870.0	0.0	0.0	0.0	15	fan	1
9.912524		Nan		Nan			36.0	0.0	0.0	886.0	0.0	0.0	0.0	15	fan	1
10.012610		Nan		Nan			17.0	0.0	0.0	893.0	0.0	0.0	0.0	15	fan	1
10.113680		Nan		Nan			1.0	0.0	0.0	1083.0	0.0	0.0	0.0	15	fan	1
10.214297		Nan		Nan			12.0	0.0	0.0	1098.0	0.0	0.0	0.0	15	fan	1
10.314946		Nan		Nan			32.0	0.0	0.0	1094.0	0.0	0.0	0.0	15	fan	1
10.416078		Nan		Nan			25.0	0.0	0.0	1114.0	0.0	0.0	0.0	15	fan	1
10.516461		Nan		Nan			23.0	0.0	0.0	1081.0	0.0	0.0	0.0	15	fan	1
10.617260		Nan		Nan			13.0	0.0	0.0	1071.0	0.0	0.0	0.0	15	fan	1
10.718264		Nan		Nan			5.0	0.0	0.0	1066.0	0.0	0.0	0.0	15	fan	1
10.818493		Nan		Nan			33.0	0.0	0.0	1094.0	0.0	0.0	0.0	15	fan	1
10.919050	9.0	3.0	40.0	-63.0	30927.9	600.0	19.0	1.0	1.0	1076.0	0.0	0.0	0.0	15	fan	1
11.019964		Nan		Nan			19.0	0.0	0.0	1109.0	0.0	0.0	0.0	15	fan	1
11.121020		Nan		Nan			12.0	0.0	0.0	934.0	0.0	0.0	0.0	15	fan	1
11.222027		Nan		Nan			17.0	0.0	0.0	982.0	0.0	0.0	0.0	15	fan	1
11.322061	7.0	3.0	80.0	-64.5217	11927500.0	975.0	2.0	414.0	3.0	1112.0	126.0	16664.0	0.0	15	fan	1
11.422680	7.0	3.0	80.0	-64.4197	10027000.0	975.0	5.0	355.0	4.0	885.0	129.0	57642.0	0.0	15	fan	1
11.523635	7.0	3.0	80.0	-64.4	277234.0	975.0	12.0	10.0	2.0	876.0	4.0	689.0	0.0	15	fan	1
11.624618		Nan		Nan			4.0	0.0	0.0	906.0	0.0	0.0	0.0	15	fan	1
11.725646		Nan		Nan			12.0	0.0	0.0	1059.0	0.0	0.0	0.0	15	fan	1
11.826126		Nan		Nan			8.0	0.0	0.0	1075.0	0.0	0.0	0.0	15	fan	1
11.926274		Nan		Nan			29.0	0.0	0.0	1057.0	0.0	0.0	0.0	15	fan	1
12.027260		Nan		Nan			8.0	0.0	0.0	1111.0	0.0	0.0	0.0	15	fan	1
12.127535		Nan		Nan			42.0	0.0	0.0	1040.0	0.0	0.0	0.0	15	fan	1
12.228393		Nan		Nan			9.0	0.0	0.0	1105.0	0.0	0.0	0.0	15	fan	1
12.329531		Nan		Nan			66.0	0.0	0.0	1370.0	0.0	0.0	0.0	15	fan	1
12.429730		Nan		Nan			35.0	0.0	0.0	1450.0	0.0	0.0	0.0	15	fan	1
12.530717		Nan		Nan			44.0	0.0	0.0	1444.0	0.0	0.0	0.0	15	fan	1
12.631945		Nan		Nan			34.0	0.0	0.0	1439.0	0.0	0.0	0.0	15	fan	1
12.732225		Nan		Nan			37.0	0.0	0.0	1434.0	0.0	0.0	0.0	15	fan	1
12.832869	7.0	3.0	80.0	-64.4876	11976500.0	975.0	17.0	402.0	6.0	1456.0	135.0	48743.0	0.0	15	fan	1
12.932903	7.0	3.0	80.0	-64.3117	19837600.0	975.0	0.0	664.0	9.0	1459.0	286.0	78625.0	0.0	15	fan	1
13.033112	7.0	3.0	80.0	-64.6576	27358500.0	975.0	0.0	917.0	13.0	1471.0	281.0	82489.0	0.0	15	fan	1
13.133965	7.0	3.0	80.0	-64.5581	7630990.0	975.0	6.0	258.0	1.0	1491.0	67.0	16537.0	0.0	15	fan	1
13.235172		Nan		Nan			29.0	0.0	0.0	1446.0	0.0	0.0	0.0	15	fan	1
13.335502		Nan		Nan			5.0	0.0	0.0	1449.0	0.0	0.0	0.0	15	fan	1
13.435625	7.0	3.0	80.0	-64.6351	17590500.0	975.0	20.0	592.0	13.0	1380.0	176.0	53929.0	0.0	15	fan	1
13.537127	7.0	3.0	80.0	-64.7368	25783700.0	975.0	0.0	874.0	18.0	1499.0	279.0	82563.0	0.0	15	fan	1
13.637677	7.0	3.0	80.0	-64.4514	14286000.0	975.0	20.0	494.0	12.0	1255.0	176.0	41726.0	0.0	15	fan	1
13.738712	7.0	3.0	80.0	-64.4127	14659100.0	975.0	21.0	504.0	8.0	1309.0	204.0	41765.0	0.0	15	fan	1
13.839437	7.0	3.0	80.0	-64.5877	9523420.0	975.0	35.0	325.0	13.0	1333.0	98.0	17173.0	0.0	15	fan	1
13.939772	7.0	3.0	80.0	-64.129	927949.0	975.0	46.0	31.0	9.0	1290.0	11.0	1520.0	0.0	15	fan	1
14.040907	7.0	3.0	80.0	-64.4291	22149600.0	975.0	1.0	762.0	14.0	1331.0	249.0	45639.0	0.0	15	fan	1
14.141095	7.0	3.0	80.0	-64.7099	15064500.0	975.0	2.0	517.0	8.0	1326.0	148.0	41270.0	0.0	15	fan	1
14.241768	7.0	3.0	80.0	-64.6875	925170.0	975.0	17.0	32.0	5.0	1314.0	3.0	1793.0	0.0	15	fan	1
14.342922	7.0	3.0	80.0	-64.7292	22448800.0	975.0	0.0	783.0	10.0	1184.0	201.0	37278.0	0.0	15	fan	1
14.442924	7.0	3.0	80.0	-64.7824	12697500.0	975.0	13.0	432.0	16.0	1308.0	99.0	21374.0	0.0	15	fan	1
14.543123	7.0	3.0	80.0	-64.4526	4027660.0	975.0	29.0	137.0	0.0	1325.0	32.0	92.0	0.0	15	fan	1
14.643617	7.0	3.0	80.0	-64.4658	4726370.0	975.0	51.0	161.0	7.0	1297.0	53.0	14307.0	0.0	15	fan	1
14.744059	7.0	3.0	80.0	-64.4144	11673500.0	975.0	50.0	403.0	12.0	1266.0	149.0	35892.0	0.0	15	fan	1
14.844365	7.0	3.0	80.0	-64.5264	21261000.0	975.0	0.0	739.0	6.0	1328.0	247.0	60004.0	0.0	15	fan	1
14.945500	7.0	3.0	80.0	-64.7111	1319650.0	975.0	36.0	45.0	1.0	1284.0	12.0	4128.0	0.0	15	fan	1
15.045932	7.0	3.0	80.0	-64.4111	19474800.0	975.0	14.0	664.0	12.0	1323.0	241.0	59225.0	0.0	15	fan	1
15.145951	7.0	3.0	80.0	-64.2861	20147900.0	975.0	0.0	685.0	10.0	1318.0	285.0	45700.0	0.0	15	fan	1
15.245957	7.0	3.0	80.0	-64.5324	10820700.0	975.0	32.0	370.0	10.0	1321.0	123.0	29639.0	0.0	15	fan	1
15.346566	7.0	3.0	80.0	-64.3179	16162800.0	975.0	8.0	560.0	17.0	1279.0	244.0	53981.0	0.0	15	fan	1
15.447415	7.0	3.0	80.0	-64.2333	16771500.0	975.0	0.0	583.0	4.0	1335.0	278.0	90868.0	0.0	15	fan	1
15.548685	7.0	3.0	80.0	-64.2308	15716700.0	975.0	0.0	546.0	9.0	1331.0	262.0	54033.0	0.0	15	fan	1
15.648912	7.0	3.0	80.0	-64.2857	17134000.0	975.0	0.0	588.0	8.0	1341.0	267.0	49919.0	0.0	15	fan	1
15.750191	7.0	3.0	80.0	-64.2764	18015900.0	975.0	0.0	626.0	10.0	1348.0	298.0	53986.0	0.0	15	fan	1
15.851038	7.0	3.0	80.0	-64.2215	17798900.0	975.0	0.0	614.0	11.0	1327.0	257.0	41685.0	0.0	15	fan	1
15.951583	7.0	3.0	80.0	-64.2561	19026800.0	975.0	0.0	656.0	11.0	1342.0	275.0	86710.0	0.0	15	fan	1
16.052423	7.0	3.0	80.0	-64.2194	17231400.0	975.0	3.0	597.0	12.0	1327.0	275.0	62182.0	0.0	15	fan	1
16.152425	7.0	3.0	80.0	-64.2531	19203700.0	975.0	0.0	652.0	10.0	1324.0	296.0	74420.0	0.0	15	fan	1
16.253783	7.0	3.0	80.0	-64.2228	17821100.0	975.0	0.0	624.0	8.0	1340.0	279.0	58066.0	0.0	15	fan	1
16.354049	7.0	3.0	80.0	-64.3856	18303400.0	975.0	3.0	625.0	17.0	1332.0	288.0	70347.0	0.0	15	fan	1
16.454089	7.0	3.0	80.0	-64.2386	18092500.0	975.0	0.0	612.0	13.0	1295.0	290.0	49855.0	0.0	15	fan	1
16.554799	7.0	3.0	80.0	-64.2131	15573500.0	975.0	1.0	535.0	6.0	1274.0	260.0	29420.0	0.0	15	fan	1
16.656201	7.0	3.0	80.0	-64.2775	15632300.0	975.0	0.0	537.0	10.0	1241.0	268.0	45763.0	0.0	15	fan	1
16.756720	7.0	3.0	80.0	-64.2356	16773300.0	975.0	1.0	573.0	6.0	1327.0	289.0	78590.0	0.0	15	fan	1
16.857354	7.0	3.0	80.0	-64.2718	17771700.0	975.0	0.0	607.0	8.0	1329.0	290.0	66271.0	0.0	15	fan	1
16.958558	7.0	3.0	80.0	-64.2703	17256300.0	975.0	0.0	592.0	9.0	1343.0	259.0	62197.0	0.0	15	fan	1
17.058744	7.0	3.0	80.0	-64.2264	17668400.0	975.0	0.0	605.0	10.0	1321.0	293.0	74455.0	0.0	15	fan	1
17.158792	7.0	3.0	80.0	-64.2982	17874900.0	975.0	0.0	607.0	11.0	1317.0	255.0	70356.0	0.0	15	fan	1
17.258798	7.0	3.0	80.0	-64.2232	15913500.0	975.0	10.0	542.0	9.0	1291.0	260.0	58105.0	0.0	15	fan	1
17.360030	7.0	3.0	80.0	-64.2252	19144600.0	975.0	0.0	666.0	16.0	1342.0	259.0	51889.0	0.0	15	fan	1
17.461314	7.0	3.0	80.0	-64.795	22165300.0	975.0	0.0	766.0	8.0	1334.0	197.0	39396.0	0.0	15	fan	1
17.561800		Nan		Nan			10.0	0.0	0.0	1325.0	0.0	0.0	0.0	15	fan	1
17.663051		Nan		Nan			23.0	0.0	0.0	1337.0	0.0	0.0	0.0	15	fan	1
17.763849		Nan		Nan			11.0	0.0	0.0	1332.0	0.0	0.0	0.0	15	fan	1
17.864743		Nan		Nan			16.0	0.0	0.0	1337.0	0.0	0.0	0.0	15	fan	1
17.965069		Nan		Nan			43.0	0.0	0.0	1271.0	0.0	0.0	0.0	15	fan	1
18.065359		Nan		Nan			6.0	0.0	0.0	1330.0	0.0	0.0	0.0	15	fan	1
18.165752	7.0	3.0	80.0	-64.9138	1700630.0	975.0	34.0	58.0	11.0	1276.0	13.0	13352.0	0.0	15	fan	1
18.266803	7.0	3.0	80.0	-64.6682	25238100.0	975.0	0.0	865.0	12.0	1339.0	219.0	37352.0	0.0	15	fan	1
18.368261	7.0	3.0	80.0	-64.7467	21652000.0	975.0	14.0	750.0	11.0	1317.0	200.0	57749.0	0.0	15	fan	1
18.469258	7.0	3.0	80.0	-64.6615	14988000.0	975.0	1.0	517.0	16.0	1338.0	133.0	12769.0	0.0	15	fan	1
18.569869		Nan		Nan			4.0	0.0	0.0	1296.0	0.0	0.0	0.0	15	fan	1
18.669932		Nan		Nan			36.0	0.0	0.0	1255.0	0.0	0.0	0.0	15	fan	1
18.769942		Nan		Nan			8.0	0.0	0.0	1337.0	0.0	0.0	0.0	15	fan	1
18.870603		Nan		Nan			22.0	0.0	0.0	1159.0	0.0	0.0	0.0	15	fan	1
18.971906		Nan		Nan			43.0	0.0	0.0	1238.0	0.0	0.0	0.0	15	fan	1
19.071920	7.0	3.0	80.0	-64.3119	9097040.0	975.0	38.0	311.0	4.0	1208.0	145.0	60965.0	0.0	15	fan	1
19.173084	7.0	3.0	80.0	-64.6037	18717600.0	975.0	0.0	656.0	12.0	1344.0	253.0	45757.0	0.0	15	fan	1
19.273329	7.0	3.0	80.0	-64.7236	16119800.0	975.0	22.0	550.0	8.0	1334.0	133.0	8806.0	0.0	15	fan	1
19.373659		Nan		Nan			15.0	0.0	0.0	1321.0	0.0	0.0	0.0	15	fan	1
19.474430		Nan		Nan			34.0	0.0	0.0	1270.0	0.0	0.0	0.0	15	fan	1
19.574988		Nan		Nan			37.0	0.0	0.0	1323.0	0.0	0.0	0.0	15	fan	1
19.675774		Nan		Nan			24.0	0.0	0.0	1322.0	0.0	0.0	0.0	15	fan	1
19.775812		Nan		Nan			9.0	0.0	0.0	1292.0	0.0	0.0	0.0	15	fan	1
19.876079		Nan		Nan			50.0	0.0	0.0	1295.0	0.0	0.0	0.0	15	fan	1
19.976600		Nan		Nan			1.0	0.0	0.0	1333.0	0.0	0.0	0.0	15	fan	1
20.076802	7.0	3.0	80.0	-64.8189	3642830.0	975.0	12.0	127.0	10.0	1292.0	38.0	14301.0	0.0	15	fan	1
20.178357		Nan		Nan			12.0	0.0	0.0	1322.0	0.0	0.0	0.0	15	fan	1
20.278598		Nan		Nan			38.0	0.0	0.0	1291.0	0.0	0.0	0.0	15	fan	1
20.379341		Nan		Nan			6.0	0.0	0.0	1313.0	0.0	0.0	0.0	15	fan	1
20.480934	7.0	3.0	80.0	-64.9439	5623800.0	975.0	14.0	196.0	5.0	1316.0	48.0	9455.0	0.0	15	fan	1
20.582432	7.0	3.0	80.0	-64.7348	16165800.0	975.0	0.0	558.0	7.0	1346.0	135.0	28932.0	0.0	15	fan	1
20.683579		Nan		Nan			26.0	0.0	0.0	1311.0	0.0	0.0	0.0	15	fan	1
20.785204		Nan		Nan			12.0	0.0	0.0	1326.0	0.0	0.0	0.0	15	fan	1
20.885856		Nan		Nan			53.0	0.0	0.0	1280.0	0.0	0.0	0.0	15	fan	1
20.985888		Nan		Nan			11.0	0.0	0.0	1322.0	0.0	0.0	0.0	15	fan	1
21.086302		Nan		Nan			25.0	0.0	0.0	1171.0	0.0	0.0	0.0	15	fan	1
21.187171		Nan		Nan			27.0	0.0	0.0	1282.0	0.0	0.0	0.0	15	fan	1
21.288724		Nan		Nan			13.0	0.0	0.0	1319.0	0.0	0.0	0.0	15	fan	1
21.389814	7.0	3.0	80.0	-64.885	9031820.0	975.0	22.0	313.0	5.0	1274.0	77.0	1593.0	0.0	15	fan	1
21.490693		Nan		Nan			8.0	0.0	0.0	1331.0	0.0	0.0	0.0	15	fan	1
21.591683	7.0	3.0	80.0	-64.633	22660400.0	975.0	12.0	782.0	19.0	1308.0	192.0	47663.0	0.0	15	fan	1
21.692957	7.0	3.0	80.0	-64.35	1149810.0	975.0	4.0	40.0	0.0	1349.0	8.0	4112.0	0.0	15	fan	1
21.793630	7.0	3.0	80.0	-64.68	739844.0	975.0	28.0	25.0	10.0	1299.0	7.0	1523.0	0.0	15	fan	1
21.893660		Nan		Nan			12.0	0.0	0.0	1326.0	0.0	0.0	0.0	15	fan	1
21.993999		Nan		Nan			52.0	0.0	0.0	1295.0	0.0	0.0	0.0	15	fan	1
22.094999		Nan		Nan			25.0	0.0	0.0	1310.0	0.0	0.0	0.0	15	fan	1
22.195127		Nan		Nan			46.0	0.0	0.0	1300.0	0.0	0.0	0.0	15	fan	1
22.295675		Nan		Nan			27.0	0.0	0.0	1371.0	0.0	0.0	0.0	15	fan	1
22.396986	7.0	3.0	80.0	-64.9667	12286500.0	975.0	34.0	420.0	12.0	1287.0	127.0	37150.0	0.0	15	fan	1
22.497416	9.0	3.0	40.0	-63.0	30966.8	600.0	20.0	1.0	1.0	1321.0	0.0	0.0	0.0	15	fan	1
22.598240		Nan		Nan			29.0	0.0	0.0	1305.0	0.0	0.0	0.0	15	fan	1
22.698706		Nan		Nan			11.0	0.0	0.0	1324.0	0.0	0.0	0.0	15	fan	1
22.798937		Nan		Nan			18.0	0.0	0.0	1264.0	0.0	0.0	0.0	15	fan	1
22.899268	9.0	3.0	40.0	-62.0	30877.7	600.0	19.0	1.0	1.0	1306.0	0.0	0.0	0.0	15	fan	1
23.000821		Nan		Nan			19.0	0.0	0.0	1329.0	0.0	0.0	0.0	15	fan	1
23.101588		Nan		Nan			35.0	0.0	0.0	1319.0	0.0	0.0	0.0	15	fan	1
23.202616		Nan		Nan			32.0	0.0	0.0	1299.0	0.0	0.0	0.0	15	fan	1
23.303354		Nan		Nan			16.0	0.0	0.0	1227.0	0.0	0.0	0.0	15	fan	1
23.403719		Nan		Nan			21.0	0.0	0.0	1159.0	0.0	0.0	0.0	15	fan	1
23.504198		Nan		Nan			13.0	0.0	0.0	1314.0	0.0	0.0	0.0	15	fan	1
23.605024		Nan		Nan			36.0	0.0	0.0	1234.0	0.0	0.0	0.0	15	fan	1
23.706299		Nan		Nan			7.0	0.0	0.0	1340.0	0.0	0.0	0.0	15	fan	1
23.807427		Nan		Nan			37.0	0.0	0.0	1294.0	0.0	0.0	0.0	15	fan	1
23.908489		Nan		Nan			13.0	0.0	0.0	1336.0	0.0	0.0	0.0	15	fan	1
24.008909		Nan		Nan			23.0	0.0	0.0	1289.0	0.0	0.0	0.0	15	fan	1
24.109853		Nan		Nan			4.0	0.0	0.0	1279.0	0.0	0.0	0.0	15	fan	1
24.210429		Nan		Nan			12.0	0.0	0.0	1315.0	0.0	0.0	0.0	15	fan	1
24.311581	7.0	3.0	80.0	-64.8734	13506200.0	975.0	7.0	466.0	15.0	1282.0	131.0	23657.0	0.0	15	fan	1
24.412059		Nan		Nan			14.0	0.0	0.0	1317.0	0.0	0.0	0.0	15	fan	1
24.513132	7.0	3.0	80.0	-64.7664	20516600.0	975.0	18.0	702.0	16.0	1320.0	202.0	43407.0	0.0	15	fan	1
24.614288	7.0	3.0	80.0	-64.7692	25322300.0	975.0	0.0	871.0	11.0	1328.0	223.0	53716.0	0.0	15	fan	1
24.714684	7.0	3.0	80.0	-64.9504	6961840.0	975.0	2.0	242.0	1.0	1321.0	74.0	4265.0	0.0	15	fan	1
24.815014		Nan		Nan			7.0	0.0	0.0	1310.0	0.0	0.0	0.0	15	fan	1
24.915511	7.0	3.0	80.0	-64.853	16066000.0	975.0	13.0	551.0	15.0	1332.0	130.0	19280.0	0.0	15	fan	1
25.015597		Nan		Nan			9.0	0.0	0.0	1424.0	0.0	0.0	0.0	15	fan	1
25.116364		Nan		Nan			15.0	0.0	0.0	1423.0	0.0	0.0	0.0	15	fan	1
25.217501	7.0	3.0	80.0	-64.8239	4188250.0	975.0	16.0	142.0	1.0	1443.0	47.0	24111.0	0.0	15	fan	1
25.318658	7.0	3.0	80.0	-64.8813	15710700.0	975.0	9.0	539.0	29.0	1394.0	119.0	13816.0	0.0	15	fan	1
25.419744	7.0	3.0	80.0	-64.9082	21873600.0	975.0	2.0	741.0	9.0	1461.0	200.0	70104.0	0.0	15	fan	1
25.521179	7.0	3.0	80.0	-64.868	14270600.0	975.0	17.0	485.0	18.0	1451.0	127.0	29911.0	0.0	15	fan	1
25.621593	7.0	3.0	80.0	-65.0166	24779800.0	975.0	0.0	845.0	12.0	1323.0	226.0	61936.0	0.0	15	fan	1
25.722721	7.0	3.0	80.0	-64.8441	22413600.0	975.0	0.0	757.0	11.0	1481.0	197.0	45492.0	0.0	15	fan	1
25.823968		Nan		Nan			11.0	0.0	0.0	1428.0	0.0	0.0	0.0	15	fan	1
25.924719		Nan		Nan			28.0	0.0	0.0	1452.0	0.0	0.0	0.0	15	fan	1
26.026012		Nan		Nan			23.0	0.0	0.0	1460.0	0.0	0.0	0.0	15	fan	1
26.126146	7.0	3.0	80.0	-64.956	8179930.0	975.0	29.0	273.0	8.0	1386.0	75.0	26240.0	0.0	15	fan	1
26.227395	7.0	3.0	80.0	-64.6981	26280300.0	975.0	0.0	891.0	12.0	1465.0	269.0	70224.0	0.0	15	fan	1
26.328616	7.0	3.0	80.0	-64.8649	25523600.0	975.0	2.0	866.0	14.0	1446.0	264.0	76111.0	0.0	15	fan	1
26.428621	7.0	3.0	80.0	-64.7246	24466300.0	975.0	1.0	817.0	13.0	1439.0	276.0	56193.0	0.0	15	fan	1
26.528624	7.0	3.0	80.0	-64.621	19544800.0	975.0	0.0	649.0	6.0	1447.0	286.0	99110.0	0.0	15	fan	1
26.629945	7.0	3.0	80.0	-64.5154	21961300.0	975.0	0.0	747.0	11.0	1465.0	255.0	58067.0	0.0	15	fan	1
26.730600	7.0	3.0	80.0	-64.7237	22057600.0	975.0	0.0	742.0	12.0	1458.0	286.0	82650.0	0.0	15	fan	1
26.831208	7.0	3.0	80.0	-64.7741	21665100.0	975.0	0.0	726.0	14.0	1436.0	280.0	99031.0	0.0	15	fan	1
26.932078	7.0	3.0	80.0	-64.6185	19860200.0	975.0	0.0	671.0	12.0	1462.0	296.0	131868.0	0.0	15	fan	1
27.033116	7.0	3.0	80.0	-64.4781	18979100.0	975.0	0.0	638.0	14.0	1472.0	305.0	82649.0	0.0	15	fan	1
27.134120	7.0	3.0	80.0	-64.6578	18940800.0	975.0	8.0	640.0	10.0	1473.0	266.0	86870.0	0.0	15	fan	1
27.235055	7.0	3.0	80.0	-64.5083	3581130.0	975.0	45.0	120.0	7.0	1380.0	59.0	4499.0	0.0	15	fan	1
27.336002	7.0	3.0	80.0	-64.6521	21732100.0	975.0	22.0	733.0	22.0	1446.0	265.0	75441.0	0.0	15	fan	1
27.436778	7.0	3.0	80.0	-64.8052	4662290.0	975.0	9.0	154.0	4.0	1458.0	64.0	28809.0	0.0	15	fan	1
27.537760		Nan		Nan			40.0	0.0	0.0	1439.0	0.0	0.0	0.0	15	fan	1
27.638174		Nan		Nan			28.0	0.0	0.0	1426.0	0.0	0.0	0.0	15	fan	1
27.739202		Nan		Nan			84.0	0.0	0.0	1399.0	0.0	0.0	0.0	15	fan	1
27.839842		Nan		Nan			44.0	0.0	0.0	1283.0	0.0	0.0	0.0	15	fan	1
27.939846		Nan		Nan			18.0	0.0	0.0	1408.0	0.0	0.0	0.0	15	fan	1
28.040113		Nan		Nan			25.0	0.0	0.0	1391.0	0.0	0.0	0.0	15	fan	1
28.140502		Nan		Nan			41.0	0.0	0.0	1434.0	0.0	0.0	0.0	15	fan	1
28.240636		Nan		Nan			45.0	0.0	0.0	1422.0	0.0	0.0	0.0	15	fan	1
28.341455		Nan		Nan			28.0	0.0	0.0	1442.0	0.0	0.0	0.0	15	fan	1
28.441678		Nan		Nan			52.0	0.0	0.0	1395.0	0.0	0.0	0.0	15	fan	1
28.542656		Nan		Nan			10.0	0.0	0.0	1484.0	0.0	0.0	0.0	15	fan	1
28.643391		Nan		Nan			28.0	0.0	0.0	1389.0	0.0	0.0	0.0	15	fan	1
28.743822		Nan		Nan			29.0	0.0	0.0	1450.0	0.0	0.0	0.0	15	fan	1
28.844604		Nan		Nan			60.0	0.0	0.0	1419.0	0.0	0.0	0.0	15	fan	1
28.945408		Nan		Nan			48.0	0.0	0.0	1435.0	0.0	0.0	0.0	15	fan	1
29.045805		Nan		Nan			19.0	0.0	0.0	1358.0	0.0	0.0	0.0	15	fan	1
29.147280		Nan		Nan			10.0	0.0	0.0	1455.0	0.0	0.0	0.0	15	fan	1
29.247586		Nan		Nan			71.0	0.0	0.0	1433.0	0.0	0.0	0.0	15	fan	1
29.348660		Nan		Nan			15.0	0.0	0.0	1456.0	0.0	0.0	0.0	15	fan	1
29.449061		Nan		Nan			40.0	0.0	0.0	1356.0	0.0	0.0	0.0	15	fan	1
29.550242		Nan		Nan			22.0	0.0	0.0	1436.0	0.0	0.0	0.0	15	fan	1
29.650571		Nan		Nan			30.0	0.0	0.0	1395.0	0.0	0.0	0.0	15	fan	1
29.750899	9.0	3.0	80.0	-66.0	30998.4	1300.0	23.0	1.0	0.0	1435.0	1.0	499.0	0.0	15	fan	1
29.852059		Nan		Nan			35.0	0.0	0.0	1441.0	0.0	0.0	0.0	15	fan	1
29.952232		Nan		Nan			50.0	0.0	0.0	1410.0	0.0	0.0	0.0	15	fan	1
30.052927	7.0	3.0	80.0	-64.5033	4468870.0	975.0	53.0	151.0	12.0	1253.0	68.0	16711.0	0.0	15	fan	1
30.154011	7.0	3.0	80.0	-64.4538	16843500.0	975.0	1.0	573.0	4.0	1349.0	293.0	58125.0	0.0	15	fan	1
30.254914	7.0	3.0	80.0	-64.6025	18989500.0	975.0	8.0	639.0	14.0	1445.0	283.0	62265.0	0.0	15	fan	1
30.355776	7.0	3.0	80.0	-64.5859	15344000.0	975.0	0.0	524.0	3.0	1370.0	276.0	86866.0	0.0	15	fan	1
30.456948	7.0	3.0	80.0	-64.8007	17882100.0	975.0	12.0	607.0	10.0	1401.0	251.0	49955.0	0.0	15	fan	1
30.557253	7.0	3.0	80.0	-64.653	18266400.0	975.0	0.0	611.0	5.0	1464.0	299.0	86875.0	0.0	15	fan	1
30.658341	7.0	3.0	80.0	-64.6755	20091900.0	975.0	0.0	678.0	15.0	1474.0	296.0	90924.0	0.0	15	fan	1
30.758551	7.0	3.0	80.0	-64.5456	19400000.0	975.0	1.0	647.0	11.0	1497.0	311.0	95059.0	0.0	15	fan	1
30.858553	7.0	3.0	80.0	-64.5866	20829300.0	975.0	0.0	687.0	6.0	1443.0	291.0	94467.0	0.0	15	fan	1
30.958891	7.0	3.0	80.0	-64.4574	18866700.0	975.0	0.0	634.0	10.0	1447.0	311.0	91454.0	0.0	15	fan	1
31.059359	7.0	3.0	80.0	-64.6322	21236200.0	975.0	0.0	715.0	11.0	1447.0	308.0	86755.0	0.0	15	fan	1
31.160337	7.0	3.0	80.0	-64.5912	18238600.0	975.0	0.0	614.0	8.0	1459.0	299.0	78682.0	0.0	15	fan	1
31.260477	7.0	3.0	80.0	-64.5825	17726500.0	975.0	1.0	594.0	12.0	1474.0	276.0	90996.0	0.0	15	fan	1
31.361841	7.0	3.0	80.0	-64.5246	19194100.0	975.0	3.0	650.0	12.0	1461.0	307.0	74560.0	0.0	15	fan	1
31.462688	7.0	3.0	80.0	-64.5235	19660700.0	975.0	0.0	659.0	13.0	1462.0	295.0	111407.0	0.0	15	fan	1
31.563148	7.0	3.0	80.0	-64.5457	20186000.0	975.0	0.0	678.0	14.0	1463.0	295.0	94975.0	0.0	15	fan	1
31.664421	7.0	3.0	80.0	-64.4809	19437900.0	975.0	0.0	653.0	10.0	1465.0	327.0	103227.0	0.0	15	fan	1
31.765542	7.0	3.0	80.0	-64.5213	18120300.0	975.0	0.0	610.0	3.0	1477.0	327.0	115588.0	0.0	15	fan	1
31.867026	7.0	3.0	80.0	-64.651	20150000.0	975.0	1.0	682.0	7.0	1483.0	294.0	66341.0	0.0	15	fan	1
31.967518	7.0	3.0	80.0	-64.5761	17431300.0	975.0	0.0	585.0	9.0	1465.0	294.0	78715.0	0.0	15	fan	1
32.067748	7.0	3.0	80.0	-64.6168	19983900.0	975.0	0.0	668.0	10.0	1463.0	312.0	119580.0	0.0	15	fan	1
32.167751	7.0	3.0	80.0	-64.5407	16630900.0	975.0	0.0	553.0	6.0	1448.0	288.0	99213.0	0.0	15	fan	1
32.269243	7.0	3.0	80.0	-64.5342	19235200.0	975.0	0.0	657.0	9.0	1484.0	300.0	78655.0	0.0	15	fan	1
32.370363	7.0	3.0	80.0	-64.5747	16504800.0	975.0	0.0	569.0	9.0	1325.0	260.0	70398.0	0.0	15	fan	1
32.470854	7.0	3.0	80.0	-64.52	17048300.0	975.0	0.0	575.0	4.0	1441.0	278.0	82793.0	0.0	15	fan	1
32.570857	7.0	3.0	80.0	-64.5237	18823600.0	975.0	2.0	634.0	13.0	1447.0	299.0	99145.0	0.0	15	fan	1
32.671662	7.0	3.0	80.0	-64.6218	17161900.0	975.0	0.0	579.0	16.0	1465.0	298.0	107127.0	0.0	15	fan	1
32.772464	7.0	3.0	80.0	-64.5792	17454200.0	975.0	0.0	587.0	3.0	1459.0	318.0	95348.0	0.0	15	fan	1
32.873245	7.0	3.0	80.0	-64.5656	19118200.0	975.0	0.0	640.0	7.0	1480.0	316.0	115527.0	0.0	15	fan	1
32.974629	7.0	3.0	80.0	-64.5943	16556300.0	975.0	0.0	557.0	5.0	1453.0	292.0	94605.0	0.0	15	fan	1
33.075216	7.0	3.0	80.0	-64.644	17626900.0	975.0	1.0	587.0	19.0	1462.0	322.0	124283.0	0.0	15	fan	1
33.175786	7.0	3.0	80.0	-64.5616	18712300.0	975.0	0.0	625.0	8.0	1443.0	309.0	90946.0	0.0	15	fan	1
33.276472	7.0	3.0	80.0	-64.6381	18399300.0	975.0	2.0	619.0	13.0	1455.0	300.0	115525.0	0.0	15	fan	1
33.378105	7.0	3.0	80.0	-64.6194	17825900.0	975.0	0.0	599.0	4.0	1457.0	302.0	119658.0	0.0	15	fan	1
33.478897	7.0	3.0	80.0	-64.6369	15844500.0	975.0	0.0	537.0	4.0	1463.0	295.0	54185.0	0.0	15	fan	1
33.579159	7.0	3.0	80.0	-64.6219	18147500.0	975.0	0.0	603.0	9.0	1463.0	297.0	86882.0	0.0	15	fan	1
33.679906	7.0	3.0	80.0	-64.4769	17313600.0	975.0	0.0	585.0	9.0	1402.0	285.0	86843.0	0.0	15	fan	1
33.780533	7.0	3.0	80.0	-64.6274	18672700.0	975.0	0.0	628.0	3.0	1461.0	297.0	86847.0	0.0	15	fan	1
33.881174	7.0	3.0	80.0	-64.7031	18268100.0	975.0	0.0	613.0	10.0	1455.0	298.0	99161.0	0.0	15	fan	1
33.981566	7.0	3.0	80.0	-64.5315	18990800.0	975.0	0.0	634.0	12.0	1469.0	296.0	82767.0	0.0	15	fan	1
34.081808	7.0	3.0	80.0	-64.4883	17891300.0	975.0	0.0	596.0	10.0	1440.0	301.0	90957.0	0.0	15	fan	1
34.182908	7.0	3.0	80.0	-64.591	17845500.0	975.0	0.0	599.0	4.0	1454.0	300.0	99179.0	0.0	15	fan	1
34.284570	7.0	3.0	80.0	-64.6136	16998700.0	975.0	2.0	572.0	8.0	1435.0	289.0	82787.0	0.0	15	fan	1
34.385439	7.0	3.0	80.0	-64.6969	19057000.0	975.0	0.0	640.0	8.0	1454.0	284.0	86842.0	0.0	15	fan	1
34.486178	7.0	3.0	80.0	-64.7304	21963100.0	975.0	1.0	738.0	6.0	1456.0	303.0	139988.0	0.0	15	fan	1
34.587556	7.0	3.0	80.0	-64.9937	22981200.0	975.0	1.0	789.0	11.0	1350.0	255.0	86588.0	0.0	15	fan	1
34.687883	7.0	3.0	80.0	-65.0526	26164400.0	975.0	0.0	875.0	15.0	1437.0	258.0	49728.0	0.0	15	fan	1
34.787885	7.0	3.0	80.0	-64.8563	26623700.0	975.0	0.0	891.0	13.0	1445.0	261.0	74299.0	0.0	15	fan	1
34.891266	7.0	3.0	80.0	-64.9265	23762900.0	975.0	0.0	830.0	9.0	1459.0	253.0	62080.0	0.0	15	fan	1
34.991767	7.0	3.0	80.0	-64.9759	25951300.0	975.0	0.0	872.0	9.0	1483.0	256.0	94819.0	0.0	15	fan	1
35.091832	7.0	3.0	80.0	-65.0097	9059110.0	975.0	34.0	308.0	15.0	1431.0	103.0	21627.0	0.0	15	fan	1
35.192742	7.0	3.0	80.0	-64.6667	184323.0	975.0	14.0	6.0	0.0	1439.0	3.0	4.0	0.0	15	fan	1
35.292766		Nan		Nan			18.0	0.0	0.0	1418.0	0.0	0.0	0.0	15	fan	1
35.393267		Nan		Nan			15.0	0.0	0.0	1421.0	0.0	0.0	0.0	15	fan	1
35.494085		Nan		Nan			35.0	0.0	0.0	1440.0	0.0	0.0	0.0	15	fan	1
35.594648	7.0	3.0	80.0	-65.0012	24991600.0	975.0	15.0	837.0	18.0	1366.0	228.0	51312.0	0.0	15	fan	1
35.695745	7.0	3.0	80.0	-64.871	6355180.0	975.0	11.0	217.0	1.0	1470.0	57.0	12426.0	0.0	15	fan	1
35.796671		Nan		Nan			45.0	0.0	0.0	1441.0	0.0	0.0	0.0	15	fan	1
35.897146		Nan		Nan			20.0	0.0	0.0	1447.0	0.0	0.0	0.0	15	fan	1
35.998158		Nan		Nan			54.0	0.0	0.0	1419.0	0.0	0.0	0.0	15	fan	1
36.098846		Nan		Nan			14.0	0.0	0.0	1455.0	0.0	0.0	0.0	15	fan	1
36.200251		Nan		Nan			21.0	0.0	0.0	1416.0	0.0	0.0	0.0	15	fan	1
36.301049		Nan		Nan			40.0	0.0	0.0	1482.0	0.0	0.0	0.0	15	fan	1
36.402216		Nan		Nan			39.0	0.0	0.0	1384.0	0.0	0.0	0.0	15	fan	1
36.502884		Nan		Nan			29.0	0.0	0.0	1415.0	0.0	0.0	0.0	15	fan	1
36.604559	7.0	3.0	80.0	-65.0213	13854000.0	975.0	52.0	470.0	14.0	1463.0	127.0	46209.0	0.0	15	fan	1
36.705032		Nan		Nan			35.0	0.0	0.0	1455.0	0.0	0.0	0.0	15	fan	1
36.805200		Nan		Nan			42.0	0.0	0.0	1358.0	0.0	0.0	0.0	15	fan	1
36.906308		Nan		Nan			23.0	0.0	0.0	1369.0	0.0	0.0	0.0	15	fan	1
37.006886	7.0	3.0	80.0	-64.7391	2700430.0	975.0	55.0	92.0	8.0	1403.0	21.0	5095.0	0.0	15	fan	1
37.107050		Nan		Nan			18.0	0.0	0.0	1453.0	0.0	0.0	0.0	15	fan	1
37.207727		Nan		Nan			25.0	0.0	0.0	1394.0	0.0	0.0	0.0	15	fan	1
37.308315		Nan		Nan			30.0	0.0	0.0	1463.0	0.0	0.0	0.0	15	fan	1
37.409358	7.0	3.0	80.0	-65.0593	7448940.0	975.0	11.0	253.0	4.0	1448.0	89.0	30641.0	0.0	15	fan	1
37.509432	7.0	3.0	80.0	-65.016	12963600.0	975.0	7.0	437.0	7.0	1464.0	140.0	53601.0	0.0	15	fan	1
37.610022	7.0	3.0	80.0	-64.6528	5827680.0	975.0	26.0	193.0	14.0	1429.0	67.0	18309.0	0.0	15	fan	1
37.710710	7.0	3.0	80.0	-64.5405	2188310.0	975.0	14.0	74.0	1.0	1488.0	28.0	55.0	0.0	15	fan	1
37.811473	7.0	3.0	80.0	-65.4194	1832520.0	975.0	22.0	62.0	1.0	1451.0	20.0	2636.0	0.0	15	fan	1
37.911482		Nan		Nan			41.0	0.0	0.0	1415.0	0.0	0.0	0.0	15	fan	1
38.012953		Nan		Nan			19.0	0.0	0.0	1452.0	0.0	0.0	0.0	15	fan	1
38.113850		Nan		Nan			27.0	0.0	0.0	1453.0	0.0	0.0	0.0	15	fan	1
38.215363	9.0	3.0	40.0	-63.0	30636.5	600.0	61.0	1.0	1.0	1417.0	0.0	0.0	0.0	15	fan	1
38.315658		Nan		Nan			17.0	0.0	0.0	1420.0	0.0	0.0	0.0	15	fan	1
38.415808		Nan		Nan			29.0	0.0	0.0	1449.0	0.0	0.0	0.0	15	fan	1
38.516144		Nan		Nan			37.0	0.0	0.0	1408.0	0.0	0.0	0.0	15	fan	1
38.617540	7.0	3.0	80.0	-64.8414	21869500.0	975.0	8.0	744.0	19.0	1395.0	237.0	64049.0	0.0	15	fan	1
38.718747	7.0	3.0	80.0	-64.8368	22721800.0	975.0	5.0	772.0	3.0	1398.0	274.0	53890.0	0.0	15	fan	1
38.820013	7.0	3.0	80.0	-64.9854	24285000.0	975.0	0.0	824.0	9.0	1468.0	262.0	74379.0	0.0	15	fan	1
38.920142	7.0	3.0	80.0	-64.9975	24096400.0	975.0	0.0	808.0	10.0	1455.0	288.0	86675.0	0.0	15	fan	1
39.020301	7.0	3.0	80.0	-64.9384	10627100.0	975.0	4.0	357.0	11.0	1458.0	102.0	16689.0	0.0	15	fan	1
39.120854		Nan		Nan			19.0	0.0	0.0	1297.0	0.0	0.0	0.0	15	fan	1
39.222097	9.0	3.0	40.0	-62.0	30718.1	600.0	10.0	1.0	1.0	1440.0	0.0	0.0	0.0	15	fan	1
39.322666		Nan		Nan			45.0	0.0	0.0	1423.0	0.0	0.0	0.0	15	fan	1
39.423287		Nan		Nan			27.0	0.0	0.0	1454.0	0.0	0.0	0.0	15	fan	1
39.523614		Nan		Nan			52.0	0.0	0.0	1401.0	0.0	0.0	0.0	15	fan	1
39.624954		Nan		Nan			13.0	0.0	0.0	1460.0	0.0	0.0	0.0	15	fan	1
39.725428		Nan		Nan			49.0	0.0	0.0	1409.0	0.0	0.0	0.0	15	fan	1
39.825471		Nan		Nan			27.0	0.0	0.0	1472.0	0.0	0.0	0.0	15	fan	1
39.925488		Nan		Nan			62.0	0.0	0.0	1420.0	0.0	0.0	0.0	15	fan	1
40.026691		Nan		Nan			18.0	0.0	0.0	1462.0	0.0	0.0	0.0	15	fan	1
40.126742		Nan		Nan			26.0	0.0	0.0	1413.0	0.0	0.0	0.0	15	fan	1
40.227694		Nan		Nan			7.0	0.0	0.0	1452.0	0.0	0.0	0.0	15	fan	1
40.328285		Nan		Nan			68.0	0.0	0.0	1422.0	0.0	0.0	0.0	15	fan	1
40.429509		Nan		Nan			17.0	0.0	0.0	1456.0	0.0	0.0	0.0	15	fan	1
40.530046		Nan		Nan			39.0	0.0	0.0	1454.0	0.0	0.0	0.0	15	fan	1
40.630598	7.0	3.0	80.0	-64.9486	9814030.0	975.0	20.0	331.0	13.0	1438.0	101.0	26693.0	0.0	15	fan	1
40.731270		Nan		Nan			41.0	0.0	0.0	1444.0	0.0	0.0	0.0	15	fan	1
40.831982		Nan		Nan			15.0	0.0	0.0	1481.0	0.0	0.0	0.0	15	fan	1
40.932641		Nan		Nan			28.0	0.0	0.0	1418.0	0.0	0.0	0.0	15	fan	1
41.032929		Nan		Nan			7.0	0.0	0.0	1449.0	0.0	0.0	0.0	15	fan	1
41.133851		Nan		Nan			7.0	0.0	0.0	1446.0	0.0	0.0	0.0	15	fan	1
41.234831		Nan		Nan			43.0	0.0	0.0	1437.0	0.0	0.0	0.0	15	fan	1
41.336025	7.0	3.0	80.0	-64.6964	1611450.0	975.0	50.0	56.0	2.0	1276.0	16.0	10304.0	0.0	15	fan	1
41.437364	7.0	3.0	80.0	-64.8259	16181900.0	975.0	39.0	563.0	20.0	1248.0	186.0	44081.0	0.0	15	fan	1
41.537395	7.0	3.0	80.0	-64.759	17988900.0	975.0	8.0	614.0	18.0	1314.0	232.0	43716.0	0.0	15	fan	1
41.637592	7.0	3.0	80.0	-64.6283	15586700.0	975.0	0.0	530.0	12.0	1315.0	257.0	66346.0	0.0	15	fan	1
41.737726	7.0	3.0	80.0	-64.5552	17445300.0	975.0	0.0	598.0	12.0	1332.0	271.0	41702.0	0.0	15	fan	1
41.837920	7.0	3.0	80.0	-64.6618	15996700.0	975.0	7.0	550.0	8.0	1318.0	280.0	70414.0	0.0	15	fan	1
41.938079	7.0	3.0	80.0	-64.604	17303800.0	975.0	1.0	596.0	8.0	1339.0	257.0	37611.0	0.0	15	fan	1
42.038803	7.0	3.0	80.0	-64.5801	15726500.0	975.0	0.0	543.0	12.0	1327.0	269.0	86817.0	0.0	15	fan	1
42.139414	7.0	3.0	80.0	-64.7342	19382400.0	975.0	0.0	666.0	8.0	1318.0	266.0	49813.0	0.0	15	fan	1
42.240292	7.0	3.0	80.0	-64.7754	19874800.0	975.0	7.0	690.0	15.0	1306.0	258.0	53874.0	0.0	15	fan	1
42.341713	7.0	3.0	80.0	-64.9535	23052700.0	975.0	0.0	796.0	11.0	1321.0	237.0	57885.0	0.0	15	fan	1
42.442780	7.0	3.0	80.0	-64.933	19820600.0	975.0	0.0	687.0	9.0	1314.0	241.0	53887.0	0.0	15	fan	1
42.544080	7.0	3.0	80.0	-64.7808	4155580.0	975.0	5.0	146.0	2.0	1332.0	51.0	12410.0	0.0	15	fan	1
42.644170		Nan		Nan			36.0	0.0	0.0	1229.0	0.0	0.0	0.0	15	fan	1
42.745184		Nan		Nan			21.0	0.0	0.0	1312.0	0.0	0.0	0.0	15	fan	1
42.846854		Nan		Nan			55.0	0.0	0.0	1304.0	0.0	0.0	0.0	15	fan	1
42.947808		Nan		Nan			14.0	0.0	0.0	1314.0	0.0	0.0	0.0	15	fan	1
43.048184		Nan		Nan			55.0	0.0	0.0	1259.0	0.0	0.0	0.0	15	fan	1
43.148286		Nan		Nan			39.0	0.0	0.0	1294.0	0.0	0.0	0.0	15	fan	1
43.249024		Nan		Nan			42.0	0.0	0.0	1285.0	0.0	0.0	0.0	15	fan	1
43.349716		Nan		Nan			6.0	0.0	0.0	1332.0	0.0	0.0	0.0	15	fan	1
43.449769	7.0	3.0	80.0	-64.8095	3087370.0	975.0	34.0	105.0	5.0	1300.0	29.0	309.0	0.0	15	fan	1
43.550608	7.0	3.0	80.0	-64.8402	16196800.0	975.0	0.0	557.0	10.0	1303.0	155.0	20836.0	0.0	15	fan	1
43.650619		Nan		Nan			40.0	0.0	0.0	1160.0	0.0	0.0	0.0	15	fan	1
43.750813		Nan		Nan			8.0	0.0	0.0	1246.0	0.0	0.0	0.0	15	fan	1
43.851197		Nan		Nan			29.0	0.0	0.0	1295.0	0.0	0.0	0.0	15	fan	1
43.951891		Nan		Nan			41.0	0.0	0.0	1318.0	0.0	0.0	0.0	15	fan	1
44.052330		Nan		Nan			35.0	0.0	0.0	1317.0	0.0	0.0	0.0	15	fan	1
44.152963	7.0	3.0	80.0	-65.0518	21456900.0	975.0	17.0	734.0	15.0	1300.0	221.0	44183.0	0.0	15	fan	1
44.254309	7.0	3.0	80.0	-64.9794	23761300.0	975.0	0.0	824.0	14.0	1341.0	265.0	45588.0	0.0	15	fan	1
44.355321	7.0	3.0	80.0	-64.8939	3782990.0	975.0	6.0	132.0	0.0	1319.0	52.0	136.0	0.0	15	fan	1
44.455979		Nan		Nan			11.0	0.0	0.0	1327.0	0.0	0.0	0.0	15	fan	1
44.557011		Nan		Nan			11.0	0.0	0.0	1259.0	0.0	0.0	0.0	15	fan	1
44.657133		Nan		Nan			7.0	0.0	0.0	1324.0	0.0	0.0	0.0	15	fan	1
44.757234		Nan		Nan			40.0	0.0	0.0	1246.0	0.0	0.0	0.0	15	fan	1
44.857719		Nan		Nan			5.0	0.0	0.0	1323.0	0.0	0.0	0.0	15	fan	1
44.957941		Nan		Nan			39.0	0.0	0.0	1306.0	0.0	0.0	0.0	15	fan	1
45.058676		Nan		Nan			38.0	0.0	0.0	1302.0	0.0	0.0	0.0	15	fan	1
45.159942	7.0	3.0	80.0	-64.8732	9766630.0	975.0	40.0	339.0	22.0	1292.0	97.0	15086.0	0.0	15	fan	1
45.261164		Nan		Nan			13.0	0.0	0.0	1321.0	0.0	0.0	0.0	15	fan	1
45.362576		Nan		Nan			19.0	0.0	0.0	1304.0	0.0	0.0	0.0	15	fan	1
45.462800		Nan		Nan			5.0	0.0	0.0	1310.0	0.0	0.0	0.0	15	fan	1
45.563536	7.0	3.0	80.0	-64.9449	7352650.0	975.0	18.0	254.0	4.0	1305.0	93.0	21496.0	0.0	15	fan	1
45.664058	7.0	3.0	80.0	-65.0599	16436900.0	975.0	9.0	568.0	10.0	1313.0	166.0	41355.0	0.0	15	fan	1
45.765183	7.0	3.0	80.0	-65.0235	7488880.0	975.0	40.0	255.0	4.0	1319.0	77.0	13724.0	0.0	15	fan	1
45.865248	7.0	3.0	80.0	-65.2808	6001940.0	975.0	4.0	203.0	4.0	1157.0	38.0	8273.0	0.0	15	fan	1
45.966153		Nan		Nan			10.0	0.0	0.0	1281.0	0.0	0.0	0.0	15	fan	1
46.066848		Nan		Nan			10.0	0.0	0.0	1345.0	0.0	0.0	0.0	15	fan	1
46.167062		Nan		Nan			46.0	0.0	0.0	1408.0	0.0	0.0	0.0	15	fan	1
46.267401		Nan		Nan			15.0	0.0	0.0	1423.0	0.0	0.0	0.0	15	fan	1
46.368501		Nan		Nan			65.0	0.0	0.0	1353.0	0.0	0.0	0.0	15	fan	1
46.469318	7.0	3.0	80.0	-65.1321	1539730.0	975.0	18.0	53.0	7.0	1427.0	11.0	3807.0	0.0	15	fan	1
46.569395		Nan		Nan			20.0	0.0	0.0	1431.0	0.0	0.0	0.0	15	fan	1
46.670473		Nan		Nan			19.0	0.0	0.0	1451.0	0.0	0.0	0.0	15	fan	1
46.771374		Nan		Nan			18.0	0.0	0.0	1440.0	0.0	0.0	0.0	15	fan	1
46.871925	7.0	3.0	80.0	-65.061	4696030.0	975.0	23.0	164.0	17.0	1394.0	45.0	13850.0	0.0	15	fan	1
46.972086		Nan		Nan			28.0	0.0	0.0	1455.0	0.0	0.0	0.0	15	fan	1
47.072505		Nan		Nan			55.0	0.0	0.0	1430.0	0.0	0.0	0.0	15	fan	1
47.173066		Nan		Nan			34.0	0.0	0.0	1416.0	0.0	0.0	0.0	15	fan	1
47.274294		Nan		Nan			31.0	0.0	0.0	1415.0	0.0	0.0	0.0	15	fan	1
47.375486		Nan		Nan			57.0	0.0	0.0	1441.0	0.0	0.0	0.0	15	fan	1
47.475489	7.0	3.0	80.0	-64.8727	15769600.0	975.0	27.0	534.0	19.0	1352.0	180.0	33653.0	0.0	15	fan	1
47.576326	7.0	3.0	80.0	-66.0	215991.0	975.0	13.0	8.0	0.0	1299.0	4.0	7.0	0.0	15	fan	1
47.677892		Nan		Nan			21.0	0.0	0.0	1256.0	0.0	0.0	0.0	15	fan	1
47.778576		Nan		Nan			7.0	0.0	0.0	1351.0	0.0	0.0	0.0	15	fan	1
47.878803		Nan		Nan			54.0	0.0	0.0	1324.0	0.0	0.0	0.0	15	fan	1
47.979189		Nan		Nan			33.0	0.0	0.0	1425.0	0.0	0.0	0.0	15	fan	1
48.079670		Nan		Nan			17.0	0.0	0.0	1286.0	0.0	0.0	0.0	15	fan	1
48.180811	8.0	3.0	80.0	-65.0	30749.2	1170.0	7.0	1.0	0.0	1460.0	1.0	268.0	0.0	15	fan	1
48.282196	7.0	3.0	80.0	-64.8387	7285090.0	975.0	45.0	248.0	21.0	1385.0	81.0	18304.0	0.0	15	fan	1
48.383605		Nan		Nan			15.0	0.0	0.0	1408.0	0.0	0.0	0.0	15	fan	1
48.484490	7.0	3.0	80.0	-65.0297	7966550.0	975.0	15.0	269.0	12.0	1406.0	69.0	10916.0	0.0	15	fan	1
48.585834	7.0	3.0	80.0	-65.026	26028100.0	975.0	0.0	886.0	13.0	1460.0	278.0	111436.0	0.0	15	fan	1
48.686379	7.0	3.0	80.0	-64.9574	19917000.0	975.0	0.0	680.0	20.0	1291.0	216.0	45428.0	0.0	15	fan	1
48.786656	7.0	3.0	80.0	-65.1035	16736100.0	975.0	1.0	570.0	7.0	1266.0	165.0	45416.0	0.0	15	fan	1
48.887812		Nan		Nan			23.0	0.0	0.0	1270.0	0.0	0.0	0.0	15	fan	1
48.987873		Nan		Nan			12.0	0.0	0.0	1303.0	0.0	0.0	0.0	15	fan	1
49.089045		Nan		Nan			27.0	0.0	0.0	1278.0	0.0	0.0	0.0	15	fan	1
49.190347	9.0	3.0	80.0	-65.0	30581.9	1300.0	23.0	1.0	1.0	1315.0	0.0	0.0	0.0	15	fan	1
49.291194		Nan		Nan			49.0	0.0	0.0	1287.0	0.0	0.0	0.0	15	fan	1
49.391307		Nan		Nan			31.0	0.0	0.0	1298.0	0.0	0.0	0.0	15	fan	1
49.492291		Nan		Nan			43.0	0.0	0.0	1420.0	0.0	0.0	0.0	15	fan	1
49.593437		Nan		Nan			42.0	0.0	0.0	1438.0	0.0	0.0	0.0	15	fan	1
49.694800		Nan		Nan			19.0	0.0	0.0	1455.0	0.0	0.0	0.0	15	fan	1
49.794812		Nan		Nan			56.0	0.0	0.0	1366.0	0.0	0.0	0.0	15	fan	1
49.895779		Nan		Nan			18.0	0.0	0.0	1455.0	0.0	0.0	0.0	15	fan	1
49.995800		Nan		Nan			71.0	0.0	0.0	1400.0	0.0	0.0	0.0	15	fan	1
50.095884		Nan		Nan			39.0	0.0	0.0	1422.0	0.0	0.0	0.0	15	fan	1
50.196841	7.0	3.0	80.0	-64.9518	14017800.0	975.0	35.0	477.0	10.0	1442.0	157.0	51795.0	0.0	15	fan	1
50.297990	7.0	3.0	80.0	-64.8401	9359020.0	975.0	6.0	319.0	0.0	1433.0	82.0	8372.0	0.0	15	fan	1
50.399368	7.0	3.0	80.0	-64.7857	4500660.0	975.0	12.0	154.0	10.0	1314.0	37.0	9548.0	0.0	15	fan	1
50.500236		Nan		Nan			36.0	0.0	0.0	1420.0	0.0	0.0	0.0	15	fan	1
50.600559		Nan		Nan			28.0	0.0	0.0	1385.0	0.0	0.0	0.0	15	fan	1
50.701519		Nan		Nan			14.0	0.0	0.0	1468.0	0.0	0.0	0.0	15	fan	1
50.801776		Nan		Nan			26.0	0.0	0.0	1408.0	0.0	0.0	0.0	15	fan	1
50.902661		Nan		Nan			37.0	0.0	0.0	1445.0	0.0	0.0	0.0	15	fan	1
51.003579	7.0	3.0	80.0	-64.7665	5707260.0	975.0	56.0	197.0	17.0	1343.0	69.0	4666.0	0.0	15	fan	1
51.104606		Nan		Nan			22.0	0.0	0.0	1466.0	0.0	0.0	0.0	15	fan	1
51.204862	7.0	3.0	80.0	-64.746	1872570.0	975.0	71.0	63.0	8.0	1357.0	16.0	6711.0	0.0	15	fan	1
51.305570		Nan		Nan			8.0	0.0	0.0	1438.0	0.0	0.0	0.0	15	fan	1
51.407285	7.0	3.0	80.0	-64.8139	8023520.0	975.0	18.0	274.0	22.0	1451.0	69.0	19391.0	0.0	15	fan	1
51.507294	7.0	3.0	80.0	-64.5926	791567.0	975.0	23.0	27.0	2.0	1433.0	10.0	9298.0	0.0	15	fan	1
51.608709	7.0	3.0	80.0	-64.8333	2542660.0	975.0	18.0	90.0	11.0	1284.0	29.0	5506.0	0.0	15	fan	1
51.708953		Nan		Nan			11.0	0.0	0.0	1321.0	0.0	0.0	0.0	15	fan	1
51.809448		Nan		Nan			45.0	0.0	0.0	1241.0	0.0	0.0	0.0	15	fan	1
51.910622		Nan		Nan			20.0	0.0	0.0	1316.0	0.0	0.0	0.0	15	fan	1
52.010912	7.0	3.0	80.0	-64.7654	2398490.0	975.0	44.0	81.0	8.0	1282.0	25.0	5258.0	0.0	15	fan	1
52.110916	7.0	3.0	80.0	-65.0644	23705200.0	975.0	0.0	808.0	11.0	1343.0	250.0	49697.0	0.0	15	fan	1
52.210971	7.0	3.0	80.0	-65.0784	19472600.0	975.0	18.0	663.0	14.0	1297.0	177.0	25226.0	0.0	15	fan	1
52.311256	7.0	3.0	80.0	-65.015	5911530.0	975.0	14.0	200.0	3.0	1337.0	46.0	12375.0	0.0	15	fan	1
52.412528		Nan		Nan			16.0	0.0	0.0	1334.0	0.0	0.0	0.0	15	fan	1
52.512544	7.0	3.0	80.0	-65.0312	931254.0	975.0	11.0	32.0	4.0	1318.0	10.0	2477.0	0.0	15	fan	1
52.613857		Nan		Nan			10.0	0.0	0.0	1192.0	0.0	0.0	0.0	15	fan	1
52.715166	7.0	3.0	80.0	-64.9559	3982360.0	975.0	59.0	136.0	6.0	1321.0	42.0	2670.0	0.0	15	fan	1
52.815467	7.0	3.0	80.0	-64.4651	1283820.0	975.0	16.0	43.0	4.0	1338.0	13.0	9157.0	0.0	15	fan	1
52.916195		Nan		Nan			21.0	0.0	0.0	1313.0	0.0	0.0	0.0	15	fan	1
53.016951		Nan		Nan			25.0	0.0	0.0	1344.0	0.0	0.0	0.0	15	fan	1
53.117916		Nan		Nan			21.0	0.0	0.0	1299.0	0.0	0.0	0.0	15	fan	1
53.219019		Nan		Nan			27.0	0.0	0.0	1333.0	0.0	0.0	0.0	15	fan	1
53.319152	7.0	3.0	80.0	-64.9135	9117130.0	975.0	56.0	312.0	12.0	1311.0	87.0	19477.0	0.0	15	fan	1
53.420323		Nan		Nan			17.0	0.0	0.0	1334.0	0.0	0.0	0.0	15	fan	1
53.520988		Nan		Nan			66.0	0.0	0.0	1296.0	0.0	0.0	0.0	15	fan	1
53.621859		Nan		Nan			27.0	0.0	0.0	1316.0	0.0	0.0	0.0	15	fan	1
53.722612	7.0	3.0	80.0	-65.1525	11294700.0	975.0	20.0	387.0	4.0	1259.0	101.0	21568.0	0.0	15	fan	1
53.823605	7.0	3.0	80.0	-65.1657	5237110.0	975.0	13.0	175.0	5.0	1487.0	54.0	8335.0	0.0	15	fan	1
53.924501	7.0	3.0	80.0	-65.0836	9887860.0	975.0	14.0	335.0	5.0	1468.0	105.0	39177.0	0.0	15	fan	1
54.024967	7.0	3.0	80.0	-64.958	12060400.0	975.0	2.0	405.0	5.0	1470.0	114.0	24798.0	0.0	15	fan	1
54.125134		Nan		Nan			14.0	0.0	0.0	1343.0	0.0	0.0	0.0	15	fan	1
54.225285		Nan		Nan			27.0	0.0	0.0	1455.0	0.0	0.0	0.0	15	fan	1
54.326575		Nan		Nan			34.0	0.0	0.0	1377.0	0.0	0.0	0.0	15	fan	1
54.427019		Nan		Nan			19.0	0.0	0.0	1469.0	0.0	0.0	0.0	15	fan	1
54.527548		Nan		Nan			38.0	0.0	0.0	1440.0	0.0	0.0	0.0	15	fan	1
54.628736		Nan		Nan			28.0	0.0	0.0	1466.0	0.0	0.0	0.0	15	fan	1
54.729007		Nan		Nan			34.0	0.0	0.0	1329.0	0.0	0.0	0.0	15	fan	1
54.829249		Nan		Nan			5.0	0.0	0.0	1222.0	0.0	0.0	0.0	15	fan	1
54.930416		Nan		Nan			49.0	0.0	0.0	1396.0	0.0	0.0	0.0	15	fan	1
55.031588		Nan		Nan			11.0	0.0	0.0	1484.0	0.0	0.0	0.0	15	fan	1
55.131860		Nan		Nan			38.0	0.0	0.0	1430.0	0.0	0.0	0.0	15	fan	1
55.232236	7.0	3.0	80.0	-64.6355	6323680.0	975.0	29.0	214.0	4.0	1447.0	70.0	20518.0	0.0	15	fan	1
55.332696		Nan		Nan			20.0	0.0	0.0	1353.0	0.0	0.0	0.0	15	fan	1
55.432703		Nan		Nan			29.0	0.0	0.0	1293.0	0.0	0.0	0.0	15	fan	1
55.532824		Nan		Nan			41.0	0.0	0.0	1302.0	0.0	0.0	0.0	15	fan	1
55.634002		Nan		Nan			42.0	0.0	0.0	1309.0	0.0	0.0	0.0	15	fan	1
55.735139		Nan		Nan			8.0	0.0	0.0	1337.0	0.0	0.0	0.0	15	fan	1
55.836282		Nan		Nan			31.0	0.0	0.0	1320.0	0.0	0.0	0.0	15	fan	1
55.936740		Nan		Nan			6.0	0.0	0.0	1341.0	0.0	0.0	0.0	15	fan	1
56.037324	7.0	3.0	80.0	-65.0405	15926400.0	975.0	0.0	543.0	14.0	1292.0	157.0	47967.0	0.0	15	fan	1
56.138336	7.0	3.0	80.0	-64.9703	24331500.0	975.0	0.0	841.0	10.0	1333.0	221.0	41456.0	0.0	15	fan	1
56.239132	7.0	3.0	80.0	-64.9501	16131300.0	975.0	0.0	561.0	2.0	1339.0	174.0	45402.0	0.0	15	fan	1
56.339732		Nan		Nan			16.0	0.0	0.0	1322.0	0.0	0.0	0.0	15	fan	1
56.439752	7.0	3.0	80.0	-64.9382	13993300.0	975.0	18.0	469.0	16.0	1327.0	143.0	23116.0	0.0	15	fan	1
56.541011	7.0	3.0	80.0	-65.1455	17223200.0	975.0	1.0	584.0	7.0	1471.0	176.0	90489.0	0.0	15	fan	1
56.642493		Nan		Nan			41.0	0.0	0.0	1443.0	0.0	0.0	0.0	15	fan	1
56.743428	7.0	3.0	80.0	-64.8832	8220470.0	975.0	54.0	274.0	6.0	1467.0	89.0	27593.0	0.0	15	fan	1
56.843465	7.0	3.0	80.0	-64.975	6894810.0	975.0	55.0	240.0	1.0	1320.0	89.0	17606.0	0.0	15	fan	1
56.944649	7.0	3.0	80.0	-65.234	1380110.0	975.0	54.0	47.0	1.0	1438.0	9.0	20.0	0.0	15	fan	1
57.045870		Nan		Nan			27.0	0.0	0.0	1391.0	0.0	0.0	0.0	15	fan	1
57.147190		Nan		Nan			9.0	0.0	0.0	1466.0	0.0	0.0	0.0	15	fan	1
57.247921	7.0	3.0	80.0	-64.9038	1525190.0	975.0	28.0	52.0	4.0	1424.0	16.0	1239.0	0.0	15	fan	1
57.349317		Nan		Nan			24.0	0.0	0.0	1295.0	0.0	0.0	0.0	15	fan	1
57.449521		Nan		Nan			59.0	0.0	0.0	1266.0	0.0	0.0	0.0	15	fan	1
57.549535		Nan		Nan			10.0	0.0	0.0	1332.0	0.0	0.0	0.0	15	fan	1
57.650511		Nan		Nan			63.0	0.0	0.0	1280.0	0.0	0.0	0.0	15	fan	1
57.750913		Nan		Nan			38.0	0.0	0.0	1298.0	0.0	0.0	0.0	15	fan	1
57.851678		Nan		Nan			51.0	0.0	0.0	1302.0	0.0	0.0	0.0	15	fan	1
57.952259		Nan		Nan			21.0	0.0	0.0	1328.0	0.0	0.0	0.0	15	fan	1
58.052314	7.0	3.0	80.0	-65.0138	6438640.0	975.0	17.0	218.0	7.0	1318.0	75.0	22769.0	0.0	15	fan	1
58.153140	7.0	3.0	80.0	-64.9762	19598900.0	975.0	1.0	672.0	18.0	1348.0	187.0	74147.0	0.0	15	fan	1
58.253931	7.0	3.0	80.0	-64.7	1725600.0	975.0	11.0	60.0	3.0	1325.0	16.0	458.0	0.0	15	fan	1
58.354605		Nan		Nan			42.0	0.0	0.0	1308.0	0.0	0.0	0.0	15	fan	1
58.455150		Nan		Nan			38.0	0.0	0.0	1320.0	0.0	0.0	0.0	15	fan	1
58.555847		Nan		Nan			64.0	0.0	0.0	1282.0	0.0	0.0	0.0	15	fan	1
58.656760	7.0	3.0	80.0	-65.0867	8692840.0	975.0	6.0	300.0	10.0	1326.0	90.0	18321.0	0.0	15	fan	1
58.756851	7.0	3.0	80.0	-65.1636	9538000.0	975.0	0.0	324.0	6.0	1253.0	112.0	20745.0	0.0	15	fan	1
58.857190		Nan		Nan			44.0	0.0	0.0	1288.0	0.0	0.0	0.0	15	fan	1
58.958169		Nan		Nan			25.0	0.0	0.0	1247.0	0.0	0.0	0.0	15	fan	1
59.058811		Nan		Nan			16.0	0.0	0.0	1259.0	0.0	0.0	0.0	15	fan	1
59.160081		Nan		Nan			31.0	0.0	0.0	1173.0	0.0	0.0	0.0	15	fan	1
59.260340		Nan		Nan			43.0	0.0	0.0	1313.0	0.0	0.0	0.0	15	fan	1
59.361496	7.0	3.0	80.0	-65.0528	10884400.0	975.0	40.0	379.0	14.0	1322.0	115.0	16103.0	0.0	15	fan	1
59.461529	7.0	3.0	80.0	-65.1406	12807200.0	975.0	0.0	441.0	3.0	1333.0	132.0	20805.0	0.0	15	fan	1
59.562375		Nan		Nan			16.0	0.0	0.0	1348.0	0.0	0.0	0.0	15	fan	1
59.662886		Nan		Nan			4.0	0.0	0.0	1313.0	0.0	0.0	0.0	15	fan	1
59.762890		Nan		Nan			52.0	0.0	0.0	1291.0	0.0	0.0	0.0	15	fan	1
59.862907		Nan		Nan			36.0	0.0	0.0	1283.0	0.0	0.0	0.0	15	fan	1
59.963209		Nan		Nan			50.0	0.0	0.0	1296.0	0.0	0.0	0.0	15	fan	1
60.064092		Nan		Nan			2.0	0.0	0.0	1328.0	0.0	0.0	0.0	15	fan	1
60.164381		Nan		Nan			19.0	0.0	0.0	1280.0	0.0	0.0	0.0	15	fan	1
60.264727		Nan		Nan			10.0	0.0	0.0	1310.0	0.0	0.0	0.0	15	fan	1
60.365428		Nan		Nan			44.0	0.0	0.0	1317.0	0.0	0.0	0.0	15	fan	1
60.465929		Nan		Nan			41.0	0.0	0.0	1317.0	0.0	0.0	0.0	15	fan	1
60.565934	7.0	3.0	80.0	-64.875	480755.0	975.0	20.0	16.0	8.0	1300.0	3.0	2665.0	0.0	15	fan	1
60.667131	7.0	3.0	80.0	-65.1311	23225700.0	975.0	0.0	801.0	11.0	1336.0	236.0	57891.0	0.0	15	fan	1
60.767263	7.0	3.0	80.0	-65.1125	23472900.0	975.0	14.0	800.0	7.0	1339.0	223.0	57888.0	0.0	15	fan	1
60.867347	7.0	3.0	80.0	-64.9766	21343500.0	975.0	1.0	727.0	7.0	1332.0	209.0	25016.0	0.0	15	fan	1
60.968726	7.0	3.0	80.0	-64.9327	22786300.0	975.0	7.0	788.0	23.0	1345.0	215.0	45810.0	0.0	15	fan	1
61.069857	7.0	3.0	80.0	-64.9263	16712500.0	975.0	2.0	570.0	11.0	1364.0	184.0	45458.0	0.0	15	fan	1
61.170661		Nan		Nan			11.0	0.0	0.0	1330.0	0.0	0.0	0.0	15	fan	1
61.271901		Nan		Nan			23.0	0.0	0.0	1332.0	0.0	0.0	0.0	15	fan	1
61.373110		Nan		Nan			5.0	0.0	0.0	1203.0	0.0	0.0	0.0	15	fan	1
61.474053		Nan		Nan			18.0	0.0	0.0	1422.0	0.0	0.0	0.0	15	fan	1
61.574105		Nan		Nan			34.0	0.0	0.0	1431.0	0.0	0.0	0.0	15	fan	1
61.674766		Nan		Nan			59.0	0.0	0.0	1397.0	0.0	0.0	0.0	15	fan	1
61.774862		Nan		Nan			26.0	0.0	0.0	1439.0	0.0	0.0	0.0	15	fan	1
61.876105		Nan		Nan			28.0	0.0	0.0	1387.0	0.0	0.0	0.0	15	fan	1
61.976966		Nan		Nan			22.0	0.0	0.0	1462.0	0.0	0.0	0.0	15	fan	1
62.077084		Nan		Nan			16.0	0.0	0.0	1421.0	0.0	0.0	0.0	15	fan	1
62.177687		Nan		Nan			3.0	0.0	0.0	1443.0	0.0	0.0	0.0	15	fan	1
62.277997	7.0	3.0	80.0	-65.0367	8790340.0	975.0	29.0	300.0	12.0	1227.0	91.0	28903.0	0.0	15	fan	1
62.378846	7.0	3.0	80.0	-65.25	614978.0	975.0	5.0	20.0	0.0	1308.0	3.0	12.0	0.0	15	fan	1
62.479217		Nan		Nan			28.0	0.0	0.0	1289.0	0.0	0.0	0.0	15	fan	1
62.579706		Nan		Nan			29.0	0.0	0.0	1324.0	0.0	0.0	0.0	15	fan	1
62.680152		Nan		Nan			25.0	0.0	0.0	1288.0	0.0	0.0	0.0	15	fan	1
62.780523		Nan		Nan			9.0	0.0	0.0	1330.0	0.0	0.0	0.0	15	fan	1
62.880618	9.0	3.0	40.0	-63.0	31070.4	600.0	34.0	1.0	1.0	1292.0	0.0	0.0	0.0	15	fan	1
62.981189		Nan		Nan			46.0	0.0	0.0	1320.0	0.0	0.0	0.0	15	fan	1
63.081363		Nan		Nan			34.0	0.0	0.0	1283.0	0.0	0.0	0.0	15	fan	1
63.181494	9.0	3.0	80.0	-65.0	31059.4	1300.0	34.0	1.0	1.0	1321.0	0.0	0.0	0.0	15	fan	1
63.281600		Nan		Nan			77.0	0.0	0.0	1305.0	0.0	0.0	0.0	15	fan	1
63.382403		Nan		Nan			26.0	0.0	0.0	1293.0	0.0	0.0	0.0	15	fan	1
63.483806		Nan		Nan			8.0	0.0	0.0	1352.0	0.0	0.0	0.0	15	fan	1
63.584584	7.0	3.0	80.0	-65.0743	8566300.0	975.0	25.0	296.0	6.0	1161.0	87.0	20026.0	0.0	15	fan	1
63.685573		Nan		Nan			10.0	0.0	0.0	1322.0	0.0	0.0	0.0	15	fan	1
63.786036		Nan		Nan			26.0	0.0	0.0	1217.0	0.0	0.0	0.0	15	fan	1
63.886792		Nan		Nan			30.0	0.0	0.0	1293.0	0.0	0.0	0.0	15	fan	1
63.987744		Nan		Nan			69.0	0.0	0.0	1300.0	0.0	0.0	0.0	15	fan	1
64.088026		Nan		Nan			22.0	0.0	0.0	1297.0	0.0	0.0	0.0	15	fan	1
64.189075		Nan		Nan			65.0	0.0	0.0	1291.0	0.0	0.0	0.0	15	fan	1
64.289855		Nan		Nan			24.0	0.0	0.0	1316.0	0.0	0.0	0.0	15	fan	1
64.390224		Nan		Nan			25.0	0.0	0.0	1295.0	0.0	0.0	0.0	15	fan	1
64.490924		Nan		Nan			42.0	0.0	0.0	1319.0	0.0	0.0	0.0	15	fan	1
64.592325		Nan		Nan			73.0	0.0	0.0	1323.0	0.0	0.0	0.0	15	fan	1
64.692580		Nan		Nan			29.0	0.0	0.0	1311.0	0.0	0.0	0.0	15	fan	1
64.792826		Nan		Nan			10.0	0.0	0.0	1287.0	0.0	0.0	0.0	15	fan	1
64.893859		Nan		Nan			2.0	0.0	0.0	1334.0	0.0	0.0	0.0	15	fan	1
64.994940		Nan		Nan			33.0	0.0	0.0	1308.0	0.0	0.0	0.0	15	fan	1
65.095736		Nan		Nan			39.0	0.0	0.0	1315.0	0.0	0.0	0.0	15	fan	1
65.196986		Nan		Nan			71.0	0.0	0.0	1286.0	0.0	0.0	0.0	15	fan	1
65.297412		Nan		Nan			36.0	0.0	0.0	1437.0	0.0	0.0	0.0	15	fan	1
65.397832		Nan		Nan			31.0	0.0	0.0	1434.0	0.0	0.0	0.0	15	fan	1
65.498725		Nan		Nan			32.0	0.0	0.0	1432.0	0.0	0.0	0.0	15	fan	1
65.598787		Nan		Nan			51.0	0.0	0.0	1413.0	0.0	0.0	0.0	15	fan	1
65.699407		Nan		Nan			39.0	0.0	0.0	1427.0	0.0	0.0	0.0	15	fan	1
65.800142	7.0	3.0	80.0	-65.0149	1927380.0	975.0	57.0	67.0	2.0	1352.0	22.0	1198.0	0.0	15	fan	1
65.900289	7.0	3.0	80.0	-65.1116	14025800.0	975.0	1.0	475.0	7.0	1358.0	137.0	28958.0	0.0	15	fan	1
66.000554	7.0	3.0	80.0	-64.9832	5353020.0	975.0	32.0	179.0	8.0	1394.0	49.0	14114.0	0.0	15	fan	1
66.102182	7.0	3.0	80.0	-65.1327	2914590.0	975.0	12.0	98.0	3.0	1471.0	29.0	4173.0	0.0	15	fan	1
66.203091		Nan		Nan			34.0	0.0	0.0	1427.0	0.0	0.0	0.0	15	fan	1
66.304495		Nan		Nan			35.0	0.0	0.0	1386.0	0.0	0.0	0.0	15	fan	1
66.404715		Nan		Nan			33.0	0.0	0.0	1438.0	0.0	0.0	0.0	15	fan	1
66.505941	7.0	3.0	80.0	-65.0292	20187200.0	975.0	44.0	685.0	18.0	1451.0	248.0	104558.0	0.0	15	fan	1
66.606544		Nan		Nan			15.0	0.0	0.0	1462.0	0.0	0.0	0.0	15	fan	1
66.706800		Nan		Nan			32.0	0.0	0.0	1399.0	0.0	0.0	0.0	15	fan	1
66.806938		Nan		Nan			26.0	0.0	0.0	1462.0	0.0	0.0	0.0	15	fan	1
66.907799		Nan		Nan			76.0	0.0	0.0	1386.0	0.0	0.0	0.0	15	fan	1
67.008612		Nan		Nan			35.0	0.0	0.0	1455.0	0.0	0.0	0.0	15	fan	1
67.109090	7.0	3.0	80.0	-64.6345	5883170.0	975.0	49.0	197.0	16.0	1350.0	104.0	32994.0	0.0	15	fan	1
67.209989	7.0	3.0	80.0	-64.7261	20024400.0	975.0	0.0	679.0	5.0	1445.0	297.0	111362.0	0.0	15	fan	1
67.310152	7.0	3.0	80.0	-64.7286	16745200.0	975.0	0.0	560.0	2.0	1456.0	276.0	95114.0	0.0	15	fan	1
67.410176	7.0	3.0	80.0	-64.63	18008200.0	975.0	4.0	600.0	14.0	1443.0	287.0	111438.0	0.0	15	fan	1
67.510186	7.0	3.0	80.0	-64.7349	14924400.0	975.0	11.0	498.0	14.0	1421.0	276.0	70580.0	0.0	15	fan	1
67.610798	7.0	3.0	80.0	-64.8758	23596100.0	975.0	0.0	797.0	8.0	1460.0	287.0	115358.0	0.0	15	fan	1
67.710984	7.0	3.0	80.0	-64.859	2292840.0	975.0	29.0	78.0	0.0	1453.0	25.0	12359.0	0.0	15	fan	1
67.812118		Nan		Nan			50.0	0.0	0.0	1420.0	0.0	0.0	0.0	15	fan	1
67.912386		Nan		Nan			68.0	0.0	0.0	1426.0	0.0	0.0	0.0	15	fan	1
68.013075		Nan		Nan			40.0	0.0	0.0	1447.0	0.0	0.0	0.0	15	fan	1
68.114298		Nan		Nan			48.0	0.0	0.0	1310.0	0.0	0.0	0.0	15	fan	1
68.214631		Nan		Nan			29.0	0.0	0.0	1426.0	0.0	0.0	0.0	15	fan	1
68.314783		Nan		Nan			76.0	0.0	0.0	1431.0	0.0	0.0	0.0	15	fan	1
68.414839		Nan		Nan			41.0	0.0	0.0	1439.0	0.0	0.0	0.0	15	fan	1
68.515322	7.0	3.0	80.0	-64.9412	1558640.0	975.0	48.0	51.0	7.0	1397.0	20.0	8457.0	0.0	15	fan	1
68.616556	7.0	3.0	80.0	-65.0702	3297070.0	975.0	3.0	114.0	4.0	1440.0	32.0	8278.0	0.0	15	fan	1
68.717791		Nan		Nan			47.0	0.0	0.0	1412.0	0.0	0.0	0.0	15	fan	1
68.818971		Nan		Nan			36.0	0.0	0.0	1384.0	0.0	0.0	0.0	15	fan	1
68.919801		Nan		Nan			47.0	0.0	0.0	1434.0	0.0	0.0	0.0	15	fan	1
69.021125	7.0	3.0	80.0	-65.0501	9925060.0	975.0	41.0	339.0	8.0	1365.0	114.0	26470.0	0.0	15	fan	1
69.122361		Nan		Nan			33.0	0.0	0.0	1450.0	0.0	0.0	0.0	15	fan	1
69.223366		Nan		Nan			37.0	0.0	0.0	1404.0	0.0	0.0	0.0	15	fan	1
69.324457		Nan		Nan			16.0	0.0	0.0	1443.0	0.0	0.0	0.0	15	fan	1
69.425530		Nan		Nan			46.0	0.0	0.0	1441.0	0.0	0.0	0.0	15	fan	1
69.525901		Nan		Nan			23.0	0.0	0.0	1428.0	0.0	0.0	0.0	15	fan	1
69.625910	7.0	3.0	80.0	-65.0224	9339670.0	975.0	72.0	313.0	17.0	1407.0	96.0	20575.0	0.0	15	fan	1
69.726005		Nan		Nan			16.0	0.0	0.0	1439.0	0.0	0.0	0.0	15	fan	1
69.826552		Nan		Nan			49.0	0.0	0.0	1376.0	0.0	0.0	0.0	15	fan	1
69.927313		Nan		Nan			34.0	0.0	0.0	1429.0	0.0	0.0	0.0	15	fan	1
70.027314		Nan		Nan			58.0	0.0	0.0	1420.0	0.0	0.0	0.0	15	fan	1
70.128142		Nan		Nan			16.0	0.0	0.0	1424.0	0.0	0.0	0.0	15	fan	1
70.228558	7.0	3.0	80.0	-64.9038	14184500.0	975.0	38.0	478.0	8.0	1419.0	133.0	41319.0	0.0	15	fan	1
70.329876	7.0	3.0	80.0	-65.5455	321521.0	975.0	10.0	11.0	0.0	1360.0	2.0	7.0	0.0	15	fan	1
70.430775		Nan		Nan			17.0	0.0	0.0	1421.0	0.0	0.0	0.0	15	fan	1
70.531250	7.0082	3.0	79.8361	-65.0123	7199030.0	973.463	32.0	244.0	6.0	1345.0	75.0	20229.0	0.0	15	fan	1
70.631798	7.0	3.0	80.0	-65.2965	9399130.0	975.0	18.0	317.0	11.0	1308.0	98.0	17418.0	0.0	15	fan	1
70.732989	7.0	3.0	80.0	-65.1837	2823250.0	975.0	14.0	98.0	0.0	1346.0	27.0	8248.0	0.0	15	fan	1
70.833106		Nan		Nan			39.0	0.0	0.0	1280.0	0.0	0.0	0.0	15	fan	1
70.933286		Nan		Nan			7.0	0.0	0.0	1303.0	0.0	0.0	0.0	15	fan	1
71.034077		Nan		Nan			30.0	0.0	0.0	1244.0	0.0	0.0	0.0	15	fan	1
71.135233		Nan		Nan			24.0	0.0	0.0	1326.0	0.0	0.0	0.0	15	fan	1
71.236403		Nan		Nan			71.0	0.0	0.0	1295.0	0.0	0.0	0.0	15	fan	1
71.337085		Nan		Nan			24.0	0.0	0.0	1291.0	0.0	0.0	0.0	15	fan	1
71.437335	9.0	3.0	20.0	-59.0	30902.6	288.0	36.0	1.0	1.0	1287.0	0.0	0.0	0.0	15	fan	1
71.537616		Nan		Nan			15.0	0.0	0.0	1314.0	0.0	0.0	0.0	15	fan	1
71.637680	7.0	3.0	80.0	-64.0	30960.3	975.0	50.0	1.0	1.0	1274.0	0.0	0.0	0.0	15	fan	1
71.738351	7.0	3.0	80.0	-65.0717	12970500.0	975.0	1.0	446.0	7.0	1318.0	134.0	9041.0	0.0	15	fan	1
71.839097		Nan		Nan			20.0	0.0	0.0	1347.0	0.0	0.0	0.0	15	fan	1
71.939274	7.0	3.0	80.0	-65.0132	8789810.0	975.0	27.0	304.0	7.0	1309.0	93.0	18633.0	0.0	15	fan	1
72.039721		Nan		Nan			11.0	0.0	0.0	1311.0	0.0	0.0	0.0	15	fan	1
72.140122	7.0	3.0	80.0	-65.1153	13144000.0	975.0	3.0	451.0	15.0	1331.0	142.0	14798.0	0.0	15	fan	1
72.240271		Nan		Nan			4.0	0.0	0.0	1320.0	0.0	0.0	0.0	15	fan	1
72.340603		Nan		Nan			34.0	0.0	0.0	1299.0	0.0	0.0	0.0	15	fan	1
72.441248		Nan		Nan			26.0	0.0	0.0	1313.0	0.0	0.0	0.0	15	fan	1
72.541327	7.0	3.0	80.0	-65.1386	4855720.0	975.0	42.0	166.0	8.0	1320.0	43.0	25279.0	0.0	15	fan	1
72.642265		Nan		Nan			2.0	0.0	0.0	1161.0	0.0	0.0	0.0	15	fan	1
72.742693		Nan		Nan			24.0	0.0	0.0	1274.0	0.0	0.0	0.0	15	fan	1
72.843906		Nan		Nan			30.0	0.0	0.0	1336.0	0.0	0.0	0.0	15	fan	1
72.944261		Nan		Nan			42.0	0.0	0.0	1302.0	0.0	0.0	0.0	15	fan	1
73.044415		Nan		Nan			24.0	0.0	0.0	1315.0	0.0	0.0	0.0	15	fan	1
73.144664		Nan		Nan			29.0	0.0	0.0	1299.0	0.0	0.0	0.0	15	fan	1
73.245853		Nan		Nan			30.0	0.0	0.0	1310.0	0.0	0.0	0.0	15	fan	1
73.347034		Nan		Nan			47.0	0.0	0.0	1317.0	0.0	0.0	0.0	15	fan	1
73.447362		Nan		Nan			1.0	0.0	0.0	1330.0	0.0	0.0	0.0	15	fan	1
73.547380	7.0	3.0	80.0	-64.906	6905520.0	975.0	46.0	234.0	17.0	1291.0	60.0	5189.0	0.0	15	fan	1
73.647496	7.0	3.0	80.0	-65.2126	21248600.0	975.0	0.0	729.0	7.0	1326.0	254.0	57946.0	0.0	15	fan	1
73.747968	7.0	3.0	80.0	-65.0649	18015600.0	975.0	1.0	616.0	9.0	1344.0	203.0	49624.0	0.0	15	fan	1
73.848476		Nan		Nan			8.0	0.0	0.0	1244.0	0.0	0.0	0.0	15	fan	1
73.950016		Nan		Nan			56.0	0.0	0.0	1298.0	0.0	0.0	0.0	15	fan	1
74.051134		Nan		Nan			38.0	0.0	0.0	1321.0	0.0	0.0	0.0	15	fan	1
74.151495		Nan		Nan			55.0	0.0	0.0	1291.0	0.0	0.0	0.0	15	fan	1
74.251955		Nan		Nan			43.0	0.0	0.0	1323.0	0.0	0.0	0.0	15	fan	1
74.352393		Nan		Nan			58.0	0.0	0.0	1307.0	0.0	0.0	0.0	15	fan	1
74.453917		Nan		Nan			15.0	0.0	0.0	1299.0	0.0	0.0	0.0	15	fan	1
74.554701		Nan		Nan			25.0	0.0	0.0	1319.0	0.0	0.0	0.0	15	fan	1
74.654938		Nan		Nan			37.0	0.0	0.0	1279.0	0.0	0.0	0.0	15	fan	1
74.755265		Nan		Nan			23.0	0.0	0.0	1318.0	0.0	0.0	0.0	15	fan	1
74.856087	7.0	3.0	80.0	-65.131	4188960.0	975.0	28.0	145.0	5.0	1156.0	36.0	1261.0	0.0	15	fan	1
74.956428		Nan		Nan			9.0	0.0	0.0	1314.0	0.0	0.0	0.0	15	fan	1
75.056660	7.0	3.0	80.0	-65.0428	7632490.0	975.0	30.0	257.0	3.0	1295.0	90.0	35283.0	0.0	15	fan	1
75.157993		Nan		Nan			39.0	0.0	0.0	1333.0	0.0	0.0	0.0	15	fan	1
75.258672		Nan		Nan			20.0	0.0	0.0	1288.0	0.0	0.0	0.0	15	fan	1
75.358842		Nan		Nan			29.0	0.0	0.0	1321.0	0.0	0.0	0.0	15	fan	1
75.459424		Nan		Nan			49.0	0.0	0.0	1324.0	0.0	0.0	0.0	15	fan	1
75.559872	9.0	3.0	40.0	-64.0	30961.3	600.0	22.0	1.0	1.0	1332.0	0.0	0.0	0.0	15	fan	1
75.660885		Nan		Nan			65.0	0.0	0.0	1304.0	0.0	0.0	0.0	15	fan	1
75.761712		Nan		Nan			25.0	0.0	0.0	1295.0	0.0	0.0	0.0	15	fan	1
75.861973		Nan		Nan			39.0	0.0	0.0	1304.0	0.0	0.0	0.0	15	fan	1
75.962917		Nan		Nan			24.0	0.0	0.0	1316.0	0.0	0.0	0.0	15	fan	1
76.063328		Nan		Nan			42.0	0.0	0.0	1276.0	0.0	0.0	0.0	15	fan	1
76.163815		Nan		Nan			9.0	0.0	0.0	1325.0	0.0	0.0	0.0	15	fan	1
76.263817		Nan		Nan			29.0	0.0	0.0	1297.0	0.0	0.0	0.0	15	fan	1
76.364364		Nan		Nan			32.0	0.0	0.0	1290.0	0.0	0.0	0.0	15	fan	1
76.465180		Nan		Nan			42.0	0.0	0.0	1276.0	0.0	0.0	0.0	15	fan	1
76.565298		Nan		Nan			45.0	0.0	0.0	1327.0	0.0	0.0	0.0	15	fan	1
76.666524		Nan		Nan			40.0	0.0	0.0	1357.0	0.0	0.0	0.0	15	fan	1
76.766653		Nan		Nan			19.0	0.0	0.0	1462.0	0.0	0.0	0.0	15	fan	1
76.866860		Nan		Nan			72.0	0.0	0.0	1417.0	0.0	0.0	0.0	15	fan	1
76.967034		Nan		Nan			6.0	0.0	0.0	1460.0	0.0	0.0	0.0	15	fan	1
77.067423		Nan		Nan			37.0	0.0	0.0	1347.0	0.0	0.0	0.0	15	fan	1
77.168515		Nan		Nan			29.0	0.0	0.0	1406.0	0.0	0.0	0.0	15	fan	1
77.269668		Nan		Nan			26.0	0.0	0.0	1440.0	0.0	0.0	0.0	15	fan	1
77.370647		Nan		Nan			22.0	0.0	0.0	1427.0	0.0	0.0	0.0	15	fan	1
77.471899		Nan		Nan			22.0	0.0	0.0	1453.0	0.0	0.0	0.0	15	fan	1
77.572914		Nan		Nan			61.0	0.0	0.0	1407.0	0.0	0.0	0.0	15	fan	1
77.673736	9.0	3.0	80.0	-65.0	30846.6	1300.0	29.0	1.0	0.0	1432.0	1.0	2445.0	0.0	15	fan	1
77.774393	7.0	3.0	80.0	-64.3922	1510690.0	975.0	63.0	51.0	11.0	1409.0	20.0	5042.0	0.0	15	fan	1
77.874995		Nan		Nan			10.0	0.0	0.0	1440.0	0.0	0.0	0.0	15	fan	1
77.976368	7.0	3.0	80.0	-64.0476	3764800.0	975.0	29.0	126.0	0.0	1371.0	60.0	35806.0	0.0	15	fan	1
78.076447	7.0	3.0	80.0	-66.7105	9084850.0	975.0	13.0	304.0	15.0	1405.0	79.0	22252.0	0.0	15	fan	1
78.177410	7.0	3.0	80.0	-63.735	20717000.0	975.0	3.0	702.0	4.0	1441.0	179.0	61857.0	0.0	15	fan	1
78.277558		Nan		Nan			40.0	0.0	0.0	1429.0	0.0	0.0	0.0	15	fan	1
78.378016	7.0	3.0	80.0	-64.8156	7213200.0	975.0	44.0	244.0	8.0	1434.0	99.0	35387.0	0.0	15	fan	1
78.479177		Nan		Nan			14.0	0.0	0.0	1416.0	0.0	0.0	0.0	15	fan	1
78.579285	7.0	3.0	80.0	-64.0	806028.0	975.0	30.0	27.0	7.0	1395.0	7.0	10681.0	0.0	15	fan	1
78.679603	7.0	3.0	80.0	-65.633	9728140.0	975.0	14.0	327.0	24.0	1414.0	123.0	22225.0	0.0	15	fan	1
78.780719	7.0	3.0	80.0	-64.2679	1656910.0	975.0	21.0	56.0	0.0	1426.0	22.0	8250.0	0.0	15	fan	1
78.881002		Nan		Nan			12.0	0.0	0.0	1371.0	0.0	0.0	0.0	15	fan	1
78.981926	7.0	3.0	80.0	-64.3943	5166160.0	975.0	20.0	175.0	10.0	1426.0	72.0	32501.0	0.0	15	fan	1
79.082278		Nan		Nan			8.0	0.0	0.0	1434.0	0.0	0.0	0.0	15	fan	1
79.182557		Nan		Nan			46.0	0.0	0.0	1401.0	0.0	0.0	0.0	15	fan	1
79.283247		Nan		Nan			33.0	0.0	0.0	1447.0	0.0	0.0	0.0	15	fan	1
79.383247	7.0	3.0	80.0	-65.08	744819.0	975.0	36.0	25.0	6.0	1276.0	5.0	1357.0	0.0	15	fan	1
79.484520		Nan		Nan			14.0	0.0	0.0	1421.0	0.0	0.0	0.0	15	fan	1
79.585613	8.0	3.0	40.0	-63.0	30645.0	540.0	27.0	1.0	1.0	1430.0	0.0	0.0	0.0	15	fan	1
79.686613		Nan		Nan			11.0	0.0	0.0	1456.0	0.0	0.0	0.0	15	fan	1
79.786827		Nan		Nan			59.0	0.0	0.0	1425.0	0.0	0.0	0.0	15	fan	1
79.887112		Nan		Nan			21.0	0.0	0.0	1428.0	0.0	0.0	0.0	15	fan	1
79.987205		Nan		Nan			24.0	0.0	0.0	1442.0	0.0	0.0	0.0	15	fan	1
80.087352		Nan		Nan			21.0	0.0	0.0	1416.0	0.0	0.0	0.0	15	fan	1
80.187929		Nan		Nan			17.0	0.0	0.0	1425.0	0.0	0.0	0.0	15	fan	1
80.288468	7.0	3.0	80.0	-65.9755	11046500.0	975.0	29.0	368.0	14.0	1414.0	119.0	16177.0	0.0	15	fan	1
80.388527		Nan		Nan			18.0	0.0	0.0	1436.0	0.0	0.0	0.0	15	fan	1
80.489149	7.0	3.0	80.0	-65.9167	5704630.0	975.0	30.0	192.0	9.0	1444.0	77.0	43500.0	0.0	15	fan	1
80.589960		Nan		Nan			28.0	0.0	0.0	1421.0	0.0	0.0	0.0	15	fan	1
80.691316	7.0	3.0	80.0	-64.85	596608.0	975.0	36.0	20.0	3.0	1386.0	7.0	6747.0	0.0	15	fan	1
80.792044	8.0	3.0	40.0	-63.0	61631.3	540.0	26.0	2.0	2.0	1442.0	0.0	0.0	0.0	15	fan	1
80.892509		Nan		Nan			42.0	0.0	0.0	1415.0	0.0	0.0	0.0	15	fan	1
80.993230		Nan		Nan			21.0	0.0	0.0	1446.0	0.0	0.0	0.0	15	fan	1
81.094561	7.0	3.0	80.0	-65.6556	13158000.0	975.0	41.0	453.0	20.0	1401.0	163.0	47168.0	0.0	15	fan	1
81.195609	7.0	3.0	80.0	-65.7219	4468100.0	975.0	14.0	151.0	6.0	1472.0	59.0	12934.0	0.0	15	fan	1
81.296899		Nan		Nan			27.0	0.0	0.0	1445.0	0.0	0.0	0.0	15	fan	1
81.397108		Nan		Nan			16.0	0.0	0.0	1435.0	0.0	0.0	0.0	15	fan	1
81.497191		Nan		Nan			31.0	0.0	0.0	1438.0	0.0	0.0	0.0	15	fan	1
81.597744		Nan		Nan			12.0	0.0	0.0	1311.0	0.0	0.0	0.0	15	fan	1
81.698650	7.0	3.0	80.0	-65.5038	7749510.0	975.0	36.0	262.0	16.0	1424.0	90.0	23873.0	0.0	15	fan	1
81.798658	7.0	3.0	80.0	-65.3631	24155900.0	975.0	0.0	807.0	9.0	1450.0	276.0	98960.0	0.0	15	fan	1
81.898969	7.0	3.0	80.0	-65.4089	20927900.0	975.0	0.0	719.0	10.0	1286.0	243.0	45632.0	0.0	15	fan	1
81.999126	7.0	3.0	80.0	-65.8261	1288240.0	975.0	10.0	46.0	0.0	1308.0	19.0	4134.0	0.0	15	fan	1
82.099975		Nan		Nan			61.0	0.0	0.0	1258.0	0.0	0.0	0.0	15	fan	1
82.201228		Nan		Nan			31.0	0.0	0.0	1313.0	0.0	0.0	0.0	15	fan	1
82.301879		Nan		Nan			38.0	0.0	0.0	1292.0	0.0	0.0	0.0	15	fan	1
82.402860		Nan		Nan			17.0	0.0	0.0	1334.0	0.0	0.0	0.0	15	fan	1
82.503786		Nan		Nan			45.0	0.0	0.0	1269.0	0.0	0.0	0.0	15	fan	1
82.604349		Nan		Nan			15.0	0.0	0.0	1350.0	0.0	0.0	0.0	15	fan	1
82.705519		Nan		Nan			22.0	0.0	0.0	1482.0	0.0	0.0	0.0	15	fan	1
82.806326	9.0	3.0	80.0	-66.0	30850.9	1300.0	66.0	1.0	1.0	1386.0	0.0	0.0	0.0	15	fan	1
82.907529		Nan		Nan			8.0	0.0	0.0	1433.0	0.0	0.0	0.0	15	fan	1
83.009041	7.00138	3.0	79.9448	-65.5048	21530400.0	974.4	14.0	725.0	12.0	1460.0	266.0	116492.0	0.0	15	fan	1
83.110038	7.0	3.0	80.0	-65.3434	23567400.0	975.0	0.0	798.0	12.0	1466.0	249.0	74378.0	0.0	15	fan	1
83.210105	7.0	3.0	80.0	-65.487	20668000.0	975.0	3.0	692.0	13.0	1444.0	245.0	107294.0	0.0	15	fan	1
83.310145	7.0	3.0	80.0	-65.4927	20534300.0	975.0	4.0	688.0	6.0	1460.0	229.0	82455.0	0.0	15	fan	1
83.411133	7.00334	3.0	79.8662	-65.3746	8803900.0	973.545	23.0	299.0	11.0	1423.0	94.0	37639.0	0.0	15	fan	1
83.511957		Nan		Nan			12.0	0.0	0.0	1433.0	0.0	0.0	0.0	15	fan	1
83.612842	7.0	3.0	80.0	-65.5376	18530100.0	975.0	3.0	625.0	20.0	1458.0	183.0	72523.0	0.0	15	fan	1
83.713169	7.0	3.0	80.0	-65.4949	5845460.0	975.0	8.0	196.0	0.0	1462.0	57.0	20598.0	0.0	15	fan	1
83.814405		Nan		Nan			17.0	0.0	0.0	1387.0	0.0	0.0	0.0	15	fan	1
83.915643	8.0	3.0	40.0	-63.0	30719.7	540.0	14.0	1.0	1.0	1359.0	0.0	0.0	0.0	15	fan	1
84.016482		Nan		Nan			53.0	0.0	0.0	1412.0	0.0	0.0	0.0	15	fan	1
84.116663		Nan		Nan			49.0	0.0	0.0	1441.0	0.0	0.0	0.0	15	fan	1
84.216909		Nan		Nan			55.0	0.0	0.0	1391.0	0.0	0.0	0.0	15	fan	1
84.317553		Nan		Nan			22.0	0.0	0.0	1433.0	0.0	0.0	0.0	15	fan	1
84.418864	7.0	3.0	80.0	-65.1053	3875590.0	975.0	28.0	133.0	5.0	1412.0	49.0	2665.0	0.0	15	fan	1
84.519765	7.05556	3.0	78.8889	-65.0833	1046130.0	964.583	6.0	36.0	7.0	1454.0	16.0	8236.0	0.0	15	fan	1
84.620851	7.0	3.0	80.0	-65.6222	7965630.0	975.0	37.0	270.0	18.0	1458.0	75.0	27157.0	0.0	15	fan	1
84.721729	7.0	3.0	80.0	-65.4062	24594500.0	975.0	0.0	832.0	8.0	1469.0	268.0	49808.0	0.0	15	fan	1
84.821745	7.0	3.0	80.0	-65.4951	12165600.0	975.0	13.0	412.0	14.0	1444.0	107.0	25313.0	0.0	15	fan	1
84.922706		Nan		Nan			43.0	0.0	0.0	1429.0	0.0	0.0	0.0	15	fan	1
85.023226		Nan		Nan			29.0	0.0	0.0	1405.0	0.0	0.0	0.0	15	fan	1
85.123999		Nan		Nan			2.0	0.0	0.0	1458.0	0.0	0.0	0.0	15	fan	1
85.224985		Nan		Nan			43.0	0.0	0.0	1436.0	0.0	0.0	0.0	15	fan	1
85.326180		Nan		Nan			35.0	0.0	0.0	1433.0	0.0	0.0	0.0	15	fan	1
85.426333		Nan		Nan			43.0	0.0	0.0	1401.0	0.0	0.0	0.0	15	fan	1
85.526948	7.0	3.0	80.0	-65.318	9638900.0	975.0	12.0	327.0	7.0	1415.0	78.0	25677.0	0.0	15	fan	1
85.628259		Nan		Nan			7.0	0.0	0.0	1480.0	0.0	0.0	0.0	15	fan	1
85.729436	7.0	3.0	80.0	-65.1731	6148930.0	975.0	40.0	208.0	16.0	1452.0	52.0	14922.0	0.0	15	fan	1
85.830087		Nan		Nan			7.0	0.0	0.0	1463.0	0.0	0.0	0.0	15	fan	1
85.931236	7.0	3.0	80.0	-65.1712	15428800.0	975.0	11.0	520.0	6.0	1467.0	163.0	51874.0	0.0	15	fan	1
86.031564		Nan		Nan			12.0	0.0	0.0	1433.0	0.0	0.0	0.0	15	fan	1
86.131884		Nan		Nan			8.0	0.0	0.0	1273.0	0.0	0.0	0.0	15	fan	1
86.233158		Nan		Nan			36.0	0.0	0.0	1446.0	0.0	0.0	0.0	15	fan	1
86.334743		Nan		Nan			43.0	0.0	0.0	1392.0	0.0	0.0	0.0	15	fan	1
86.435339		Nan		Nan			25.0	0.0	0.0	1436.0	0.0	0.0	0.0	15	fan	1
86.536431		Nan		Nan			53.0	0.0	0.0	1396.0	0.0	0.0	0.0	15	fan	1
86.637427		Nan		Nan			63.0	0.0	0.0	1449.0	0.0	0.0	0.0	15	fan	1
86.738753	7.0	3.0	80.0	-65.026	6828640.0	975.0	65.0	231.0	1.0	1409.0	88.0	19655.0	0.0	15	fan	1
86.838910	7.0	3.0	80.0	-64.9494	16556600.0	975.0	8.0	553.0	11.0	1461.0	202.0	94699.0	0.0	15	fan	1
86.940545	7.0	3.0	80.0	-64.9355	901074.0	975.0	56.0	31.0	5.0	1455.0	8.0	1170.0	0.0	15	fan	1
87.041743		Nan		Nan			39.0	0.0	0.0	1467.0	0.0	0.0	0.0	15	fan	1
87.143005		Nan		Nan			50.0	0.0	0.0	1447.0	0.0	0.0	0.0	15	fan	1
87.243191		Nan		Nan			23.0	0.0	0.0	1441.0	0.0	0.0	0.0	15	fan	1
87.344594		Nan		Nan			88.0	0.0	0.0	1417.0	0.0	0.0	0.0	15	fan	1
87.445280		Nan		Nan			39.0	0.0	0.0	1433.0	0.0	0.0	0.0	15	fan	1
87.546188		Nan		Nan			24.0	0.0	0.0	1422.0	0.0	0.0	0.0	15	fan	1
87.646349		Nan		Nan			19.0	0.0	0.0	1452.0	0.0	0.0	0.0	15	fan	1
87.747162	7.0	3.0	80.0	-65.0947	5602700.0	975.0	77.0	190.0	12.0	1383.0	56.0	28377.0	0.0	15	fan	1
87.848298	7.0	3.0	80.0	-65.1712	6565980.0	975.0	10.0	222.0	11.0	1459.0	60.0	16489.0	0.0	15	fan	1
87.948904	7.0	3.0	80.0	-64.9726	4393740.0	975.0	25.0	146.0	6.0	1441.0	53.0	10629.0	0.0	15	fan	1
88.049667	7.0	3.0	80.0	-65.52	1523080.0	975.0	20.0	50.0	0.0	1441.0	15.0	4133.0	0.0	15	fan	1
88.150683	7.0	3.0	80.0	-64.3947	1136130.0	975.0	49.0	38.0	13.0	1323.0	15.0	2661.0	0.0	15	fan	1
88.250856	7.0	3.0	80.0	-65.0822	17841300.0	975.0	7.0	596.0	12.0	1434.0	200.0	65989.0	0.0	15	fan	1
88.351203		Nan		Nan			31.0	0.0	0.0	1298.0	0.0	0.0	0.0	15	fan	1
88.451486		Nan		Nan			27.0	0.0	0.0	1406.0	0.0	0.0	0.0	15	fan	1
88.552957		Nan		Nan			33.0	0.0	0.0	1477.0	0.0	0.0	0.0	15	fan	1
88.654016	7.0	3.0	80.0	-65.0532	2749040.0	975.0	35.0	94.0	9.0	1439.0	28.0	4714.0	0.0	15	fan	1
88.754107		Nan		Nan			8.0	0.0	0.0	1451.0	0.0	0.0	0.0	15	fan	1
88.854186		Nan		Nan			19.0	0.0	0.0	1352.0	0.0	0.0	0.0	15	fan	1
88.955509		Nan		Nan			33.0	0.0	0.0	1402.0	0.0	0.0	0.0	15	fan	1
89.056321		Nan		Nan			35.0	0.0	0.0	1399.0	0.0	0.0	0.0	15	fan	1
89.156747		Nan		Nan			60.0	0.0	0.0	1420.0	0.0	0.0	0.0	15	fan	1
89.257944		Nan		Nan			54.0	0.0	0.0	1410.0	0.0	0.0	0.0	15	fan	1
89.359470	7.0	3.0	80.0	-65.0469	3729730.0	975.0	37.0	128.0	6.0	1446.0	30.0	10503.0	0.0	15	fan	1
89.460806	7.0	3.0	80.0	-64.9706	2911400.0	975.0	18.0	102.0	10.0	1455.0	26.0	13301.0	0.0	15	fan	1
89.561874		Nan		Nan			24.0	0.0	0.0	1456.0	0.0	0.0	0.0	15	fan	1
89.661878		Nan		Nan			62.0	0.0	0.0	1440.0	0.0	0.0	0.0	15	fan	1
89.762916		Nan		Nan			62.0	0.0	0.0	1439.0	0.0	0.0	0.0	15	fan	1
89.864224		Nan		Nan			87.0	0.0	0.0	1409.0	0.0	0.0	0.0	15	fan	1
89.964429		Nan		Nan			54.0	0.0	0.0	1430.0	0.0	0.0	0.0	15	fan	1
90.065904	7.0	3.0	80.0	-65.0271	12046200.0	975.0	40.0	406.0	10.0	1431.0	122.0	45903.0	0.0	15	fan	1
90.166034	7.0	3.0	80.0	-65.0434	21412900.0	975.0	4.0	715.0	1.0	1451.0	210.0	49655.0	0.0	15	fan	1
90.267105	7.0	3.0	80.0	-65.1362	9578420.0	975.0	12.0	323.0	8.0	1463.0	113.0	42339.0	0.0	15	fan	1
90.367797	7.0	3.0	80.0	-64.9558	18015800.0	975.0	2.0	611.0	13.0	1388.0	184.0	70047.0	0.0	15	fan	1
90.469139		Nan		Nan			20.0	0.0	0.0	1324.0	0.0	0.0	0.0	15	fan	1
90.569226		Nan		Nan			45.0	0.0	0.0	1226.0	0.0	0.0	0.0	15	fan	1
90.669504		Nan		Nan			48.0	0.0	0.0	1214.0	0.0	0.0	0.0	15	fan	1
90.770780		Nan		Nan			39.0	0.0	0.0	1317.0	0.0	0.0	0.0	15	fan	1
90.871898	7.0	3.0	80.0	-65.4239	2701570.0	975.0	39.0	92.0	1.0	1312.0	28.0	6655.0	0.0	15	fan	1
90.972888		Nan		Nan			17.0	0.0	0.0	1326.0	0.0	0.0	0.0	15	fan	1
91.073075	7.0	3.0	80.0	-65.0149	1967800.0	975.0	33.0	67.0	9.0	1278.0	15.0	6671.0	0.0	15	fan	1
91.174423	7.0	3.0	80.0	-65.1714	23666200.0	975.0	0.0	817.0	4.0	1353.0	231.0	61933.0	0.0	15	fan	1
91.274876		Nan		Nan			52.0	0.0	0.0	1327.0	0.0	0.0	0.0	15	fan	1
91.375196		Nan		Nan			21.0	0.0	0.0	1301.0	0.0	0.0	0.0	15	fan	1
91.475999	7.0	3.0	80.0	-65.0644	16977600.0	975.0	6.0	590.0	10.0	1323.0	182.0	27997.0	0.0	15	fan	1
91.577408	7.0	3.0	80.0	-65.088	8190840.0	975.0	12.0	284.0	1.0	1346.0	81.0	24806.0	0.0	15	fan	1
91.677585		Nan		Nan			29.0	0.0	0.0	1300.0	0.0	0.0	0.0	15	fan	1
91.778612	7.0	3.0	80.0	-65.1546	2871610.0	975.0	45.0	97.0	10.0	1308.0	22.0	6461.0	0.0	15	fan	1
91.879517		Nan		Nan			4.0	0.0	0.0	1342.0	0.0	0.0	0.0	15	fan	1
91.979708		Nan		Nan			41.0	0.0	0.0	1259.0	0.0	0.0	0.0	15	fan	1
92.079725		Nan		Nan			13.0	0.0	0.0	1331.0	0.0	0.0	0.0	15	fan	1
92.180229		Nan		Nan			21.0	0.0	0.0	1285.0	0.0	0.0	0.0	15	fan	1
92.281008		Nan		Nan			24.0	0.0	0.0	1293.0	0.0	0.0	0.0	15	fan	1
92.381157		Nan		Nan			18.0	0.0	0.0	1336.0	0.0	0.0	0.0	15	fan	1
92.481947		Nan		Nan			34.0	0.0	0.0	1425.0	0.0	0.0	0.0	15	fan	1
92.582845	7.0	3.0	80.0	-64.9726	10825000.0	975.0	41.0	365.0	15.0	1410.0	96.0	19326.0	0.0	15	fan	1
92.683142		Nan		Nan			14.0	0.0	0.0	1442.0	0.0	0.0	0.0	15	fan	1
92.784445	7.0	3.0	80.0	-65.0	91862.7	975.0	97.0	3.0	1.0	1349.0	2.0	2975.0	0.0	15	fan	1
92.885653	7.0	3.0	80.0	-65.0167	8713050.0	975.0	10.0	300.0	8.0	1337.0	86.0	16662.0	0.0	15	fan	1
92.985843	7.0	3.0	80.0	-64.75	959861.0	975.0	29.0	32.0	2.0	1407.0	12.0	1715.0	0.0	15	fan	1
93.085851		Nan		Nan			24.0	0.0	0.0	1446.0	0.0	0.0	0.0	15	fan	1
93.185891		Nan		Nan			26.0	0.0	0.0	1350.0	0.0	0.0	0.0	15	fan	1
93.286049		Nan		Nan			18.0	0.0	0.0	1309.0	0.0	0.0	0.0	15	fan	1
93.386301		Nan		Nan			83.0	0.0	0.0	1289.0	0.0	0.0	0.0	15	fan	1
93.487607		Nan		Nan			19.0	0.0	0.0	1314.0	0.0	0.0	0.0	15	fan	1
93.588002		Nan		Nan			27.0	0.0	0.0	1268.0	0.0	0.0	0.0	15	fan	1
93.688485		Nan		Nan			11.0	0.0	0.0	1311.0	0.0	0.0	0.0	15	fan	1
93.788655		Nan		Nan			38.0	0.0	0.0	1282.0	0.0	0.0	0.0	15	fan	1
93.889444		Nan		Nan			18.0	0.0	0.0	1256.0	0.0	0.0	0.0	15	fan	1
93.989883		Nan		Nan			34.0	0.0	0.0	1266.0	0.0	0.0	0.0	15	fan	1
94.090333		Nan		Nan			4.0	0.0	0.0	1311.0	0.0	0.0	0.0	15	fan	1
94.190393		Nan		Nan			15.0	0.0	0.0	1299.0	0.0	0.0	0.0	15	fan	1
94.291006	7.0	3.0	80.0	-65.0203	8655140.0	975.0	33.0	295.0	10.0	1288.0	104.0	12373.0	0.0	15	fan	1
94.391445		Nan		Nan			16.0	0.0	0.0	1305.0	0.0	0.0	0.0	15	fan	1
94.492636	7.0	3.0	80.0	-65.057	18793500.0	975.0	50.0	649.0	18.0	1263.0	169.0	27190.0	0.0	15	fan	1
94.593071	7.0	3.0	80.0	-64.9455	23753000.0	975.0	1.0	807.0	10.0	1341.0	238.0	78368.0	0.0	15	fan	1
94.693848	7.0	3.0	80.0	-65.1539	22876200.0	975.0	9.0	786.0	6.0	1307.0	226.0	49649.0	0.0	15	fan	1
94.794913		Nan		Nan			5.0	0.0	0.0	1334.0	0.0	0.0	0.0	15	fan	1
94.895961		Nan		Nan			39.0	0.0	0.0	1202.0	0.0	0.0	0.0	15	fan	1
94.996310		Nan		Nan			17.0	0.0	0.0	1200.0	0.0	0.0	0.0	15	fan	1
95.096728		Nan		Nan			19.0	0.0	0.0	1278.0	0.0	0.0	0.0	15	fan	1
95.197120		Nan		Nan			24.0	0.0	0.0	1321.0	0.0	0.0	0.0	15	fan	1
95.298550	7.0	3.0	80.0	-65.1175	12995600.0	975.0	38.0	451.0	19.0	1296.0	124.0	23615.0	0.0	15	fan	1
95.399004	7.0	3.0	80.0	-65.1253	23785000.0	975.0	0.0	814.0	17.0	1322.0	256.0	61965.0	0.0	15	fan	1
95.499025	7.0	3.0	80.0	-65.0349	10104000.0	975.0	11.0	344.0	2.0	1321.0	98.0	28906.0	0.0	15	fan	1
95.599354		Nan		Nan			5.0	0.0	0.0	1338.0	0.0	0.0	0.0	15	fan	1
95.700195		Nan		Nan			43.0	0.0	0.0	1264.0	0.0	0.0	0.0	15	fan	1
95.801438		Nan		Nan			21.0	0.0	0.0	1344.0	0.0	0.0	0.0	15	fan	1
95.902566		Nan		Nan			47.0	0.0	0.0	1249.0	0.0	0.0	0.0	15	fan	1
96.002824		Nan		Nan			45.0	0.0	0.0	1324.0	0.0	0.0	0.0	15	fan	1
96.103053		Nan		Nan			36.0	0.0	0.0	1309.0	0.0	0.0	0.0	15	fan	1
96.203828		Nan		Nan			10.0	0.0	0.0	1328.0	0.0	0.0	0.0	15	fan	1
96.304524		Nan		Nan			42.0	0.0	0.0	1336.0	0.0	0.0	0.0	15	fan	1
96.405590		Nan		Nan			14.0	0.0	0.0	1323.0	0.0	0.0	0.0	15	fan	1
96.506188		Nan		Nan			39.0	0.0	0.0	1306.0	0.0	0.0	0.0	15	fan	1
96.607092		Nan		Nan			6.0	0.0	0.0	1312.0	0.0	0.0	0.0	15	fan	1
96.707127	7.0	3.0	80.0	-65.0952	635578.0	975.0	33.0	21.0	12.0	1313.0	4.0	104.0	0.0	15	fan	1
96.808205	7.0	3.0	80.0	-65.0889	1305530.0	975.0	1.0	45.0	0.0	1324.0	17.0	4125.0	0.0	15	fan	1
96.908668		Nan		Nan			8.0	0.0	0.0	1344.0	0.0	0.0	0.0	15	fan	1
97.008676	7.0	3.0	80.0	-65.1576	5281000.0	975.0	33.0	184.0	8.0	1324.0	54.0	19173.0	0.0	15	fan	1
97.109482		Nan		Nan			35.0	0.0	0.0	1161.0	0.0	0.0	0.0	15	fan	1
97.209834		Nan		Nan			57.0	0.0	0.0	1281.0	0.0	0.0	0.0	15	fan	1
97.310199		Nan		Nan			47.0	0.0	0.0	1315.0	0.0	0.0	0.0	15	fan	1
97.410728		Nan		Nan			23.0	0.0	0.0	1284.0	0.0	0.0	0.0	15	fan	1
97.511707		Nan		Nan			26.0	0.0	0.0	1323.0	0.0	0.0	0.0	15	fan	1
97.613031		Nan		Nan			51.0	0.0	0.0	1295.0	0.0	0.0	0.0	15	fan	1
97.713423		Nan		Nan			44.0	0.0	0.0	1293.0	0.0	0.0	0.0	15	fan	1
97.813691		Nan		Nan			54.0	0.0	0.0	1284.0	0.0	0.0	0.0	15	fan	1
97.914932		Nan		Nan			23.0	0.0	0.0	1341.0	0.0	0.0	0.0	15	fan	1
98.016007		Nan		Nan			48.0	0.0	0.0	1316.0	0.0	0.0	0.0	15	fan	1
98.116103		Nan		Nan			31.0	0.0	0.0	1303.0	0.0	0.0	0.0	15	fan	1
98.217257		Nan		Nan			40.0	0.0	0.0	1304.0	0.0	0.0	0.0	15	fan	1
98.317258	7.0	3.0	80.0	-65.0331	3599780.0	975.0	11.0	121.0	2.0	1314.0	42.0	17653.0	0.0	15	fan	1
98.417786	7.0	3.0	80.0	-65.3176	2500880.0	975.0	19.0	85.0	0.0	1312.0	10.0	4119.0	0.0	15	fan	1
98.518270		Nan		Nan			8.0	0.0	0.0	1330.0	0.0	0.0	0.0	15	fan	1
98.618659		Nan		Nan			31.0	0.0	0.0	1294.0	0.0	0.0	0.0	15	fan	1
98.719850		Nan		Nan			13.0	0.0	0.0	1342.0	0.0	0.0	0.0	15	fan	1
98.820274		Nan		Nan			33.0	0.0	0.0	1292.0	0.0	0.0	0.0	15	fan	1
98.920432		Nan		Nan			37.0	0.0	0.0	1256.0	0.0	0.0	0.0	15	fan	1
99.021338		Nan		Nan			31.0	0.0	0.0	1292.0	0.0	0.0	0.0	15	fan	1
99.121614		Nan		Nan			6.0	0.0	0.0	1302.0	0.0	0.0	0.0	15	fan	1
99.222698		Nan		Nan			44.0	0.0	0.0	1315.0	0.0	0.0	0.0	15	fan	1
99.323403		Nan		Nan			19.0	0.0	0.0	1200.0	0.0	0.0	0.0	15	fan	1
99.424159	7.0	3.0	80.0	-64.5714	200325.0	975.0	18.0	7.0	3.0	1228.0	2.0	1767.0	0.0	15	fan	1
99.524415	7.0	3.0	80.0	-65.1635	5995220.0	975.0	9.0	208.0	9.0	1316.0	64.0	8351.0	0.0	15	fan	1
99.625323		Nan		Nan			22.0	0.0	0.0	1317.0	0.0	0.0	0.0	15	fan	1
99.725981		Nan		Nan			33.0	0.0	0.0	1307.0	0.0	0.0	0.0	15	fan	1
99.826991		Nan		Nan			13.0	0.0	0.0	1326.0	0.0	0.0	0.0	15	fan	1
99.927145		Nan		Nan			42.0	0.0	0.0	1302.0	0.0	0.0	0.0	15	fan	1
100.027324		Nan		Nan			31.0	0.0	0.0	1308.0	0.0	0.0	0.0	15	fan	1
100.127654		Nan		Nan			16.0	0.0	0.0	1266.0	0.0	0.0	0.0	15	fan	1
100.228335	7.0	3.0	80.0	-65.1402	9313880.0	975.0	9.0	321.0	10.0	1303.0	102.0	22067.0	0.0	15	fan	1
100.329583	7.0	3.0	80.0	-65.0892	10995300.0	975.0	2.0	381.0	6.0	1325.0	111.0	20733.0	0.0	15	fan	1
100.430333		Nan		Nan			26.0	0.0	0.0	1301.0	0.0	0.0	0.0	15	fan	1
100.531463	7.0	3.0	80.0	-65.8718	1150640.0	975.0	59.0	39.0	6.0	1309.0	10.0	6570.0	0.0	15	fan	1
100.632296	7.0	3.0	80.0	-65.0019	15567400.0	975.0	10.0	537.0	8.0	1336.0	153.0	26186.0	0.0	15	fan	1
100.732929	7.0	3.0	80.0	-65.0288	12245500.0	975.0	17.0	416.0	9.0	1347.0	123.0	21451.0	0.0	15	fan	1
100.833464		Nan		Nan			13.0	0.0	0.0	1302.0	0.0	0.0	0.0	15	fan	1
100.934194		Nan		Nan			33.0	0.0	0.0	1274.0	0.0	0.0	0.0	15	fan	1
101.034417		Nan		Nan			13.0	0.0	0.0	1328.0	0.0	0.0	0.0	15	fan	1
101.135061	7.0	3.0	80.0	-65.1324	10365100.0	975.0	56.0	355.0	18.0	1293.0	96.0	21219.0	0.0	15	fan	1
101.236259	7.0	3.0	80.0	-64.9898	2867710.0	975.0	11.0	98.0	1.0	1344.0	32.0	8280.0	0.0	15	fan	1
101.336412		Nan		Nan			26.0	0.0	0.0	1301.0	0.0	0.0	0.0	15	fan	1
101.436733		Nan		Nan			19.0	0.0	0.0	1333.0	0.0	0.0	0.0	15	fan	1
101.537820		Nan		Nan			55.0	0.0	0.0	1272.0	0.0	0.0	0.0	15	fan	1
101.638275		Nan		Nan			28.0	0.0	0.0	1167.0	0.0	0.0	0.0	15	fan	1
101.738417		Nan		Nan			59.0	0.0	0.0	1276.0	0.0	0.0	0.0	15	fan	1
101.839206		Nan		Nan			32.0	0.0	0.0	1309.0	0.0	0.0	0.0	15	fan	1
101.939491		Nan		Nan			39.0	0.0	0.0	1274.0	0.0	0.0	0.0	15	fan	1
102.040282		Nan		Nan			8.0	0.0	0.0	1323.0	0.0	0.0	0.0	15	fan	1
102.140851		Nan		Nan			70.0	0.0	0.0	1289.0	0.0	0.0	0.0	15	fan	1
102.241554		Nan		Nan			38.0	0.0	0.0	1302.0	0.0	0.0	0.0	15	fan	1
102.342150		Nan		Nan			28.0	0.0	0.0	1303.0	0.0	0.0	0.0	15	fan	1
102.442291		Nan		Nan			18.0	0.0	0.0	1303.0	0.0	0.0	0.0	15	fan	1
102.542782		Nan		Nan			8.0	0.0	0.0	1321.0	0.0	0.0	0.0	15	fan	1
102.644098		Nan		Nan			56.0	0.0	0.0	1260.0	0.0	0.0	0.0	15	fan	1
102.744527		Nan		Nan			38.0	0.0	0.0	1316.0	0.0	0.0	0.0	15	fan	1
102.845581		Nan		Nan			23.0	0.0	0.0	1316.0	0.0	0.0	0.0	15	fan	1
102.946540		Nan		Nan			26.0	0.0	0.0	1343.0	0.0	0.0	0.0	15	fan	1
103.047614		Nan		Nan			23.0	0.0	0.0	1303.0	0.0	0.0	0.0	15	fan	1
103.148499		Nan		Nan			43.0	0.0	0.0	1326.0	0.0	0.0	0.0	15	fan	1
103.249275		Nan		Nan			62.0	0.0	0.0	1301.0	0.0	0.0	0.0	15	fan	1
103.350585		Nan		Nan			33.0	0.0	0.0	1334.0	0.0	0.0	0.0	15	fan	1
103.451302		Nan		Nan			33.0	0.0	0.0	1295.0	0.0	0.0	0.0	15	fan	1
103.552257		Nan		Nan			27.0	0.0	0.0	1315.0	0.0	0.0	0.0	15	fan	1
103.652507		Nan		Nan			62.0	0.0	0.0	1291.0	0.0	0.0	0.0	15	fan	1
103.752902		Nan		Nan			20.0	0.0	0.0	1313.0	0.0	0.0	0.0	15	fan	1
103.853899	7.0	3.0	80.0	-65.2967	2569330.0	975.0	32.0	91.0	12.0	1140.0	25.0	9743.0	0.0	15	fan	1
103.954223		Nan		Nan			9.0	0.0	0.0	1344.0	0.0	0.0	0.0	15	fan	1
104.054575	7.0	3.0	80.0	-65.1266	6787840.0	975.0	15.0	229.0	9.0	1437.0	82.0	39665.0	0.0	15	fan	1
104.155870		Nan		Nan			18.0	0.0	0.0	1436.0	0.0	0.0	0.0	15	fan	1
104.256228		Nan		Nan			58.0	0.0	0.0	1370.0	0.0	0.0	0.0	15	fan	1
104.356835		Nan		Nan			32.0	0.0	0.0	1430.0	0.0	0.0	0.0	15	fan	1
104.457672		Nan		Nan			19.0	0.0	0.0	1439.0	0.0	0.0	0.0	15	fan	1
104.558009		Nan		Nan			42.0	0.0	0.0	1460.0	0.0	0.0	0.0	15	fan	1
104.658952		Nan		Nan			32.0	0.0	0.0	1432.0	0.0	0.0	0.0	15	fan	1
104.759598		Nan		Nan			13.0	0.0	0.0	1424.0	0.0	0.0	0.0	15	fan	1
104.861008	7.0	3.0	80.0	-65.1852	1561730.0	975.0	61.0	54.0	2.0	1386.0	13.0	3289.0	0.0	15	fan	1
104.962274	7.0	3.0	80.0	-64.8279	3630410.0	975.0	8.0	122.0	0.0	1474.0	42.0	16472.0	0.0	15	fan	1
105.063267		Nan		Nan			11.0	0.0	0.0	1476.0	0.0	0.0	0.0	15	fan	1
105.164351		Nan		Nan			33.0	0.0	0.0	1453.0	0.0	0.0	0.0	15	fan	1
105.265211		Nan		Nan			22.0	0.0	0.0	1467.0	0.0	0.0	0.0	15	fan	1
105.366513		Nan		Nan			51.0	0.0	0.0	1424.0	0.0	0.0	0.0	15	fan	1
105.466988		Nan		Nan			29.0	0.0	0.0	1432.0	0.0	0.0	0.0	15	fan	1
105.567082		Nan		Nan			59.0	0.0	0.0	1404.0	0.0	0.0	0.0	15	fan	1
105.667628		Nan		Nan			49.0	0.0	0.0	1442.0	0.0	0.0	0.0	15	fan	1
105.768876	7.0	3.0	80.0	-65.0876	12062500.0	975.0	10.0	411.0	22.0	1309.0	102.0	36478.0	0.0	15	fan	1
105.869900		Nan		Nan			4.0	0.0	0.0	1342.0	0.0	0.0	0.0	15	fan	1
105.970816	7.0	3.0	80.0	-65.0873	16426600.0	975.0	17.0	561.0	7.0	1304.0	184.0	55722.0	0.0	15	fan	1
106.072025	7.0	3.0	80.0	-65.232	7240170.0	975.0	0.0	250.0	1.0	1232.0	70.0	8338.0	0.0	15	fan	1
106.172593	7.0	3.0	80.0	-65.1402	15657700.0	975.0	18.0	542.0	13.0	1271.0	162.0	26159.0	0.0	15	fan	1
106.273252	7.0	3.0	80.0	-65.0166	21277700.0	975.0	0.0	723.0	15.0	1352.0	221.0	49632.0	0.0	15	fan	1
106.374183	7.0	3.0	80.0	-65.0346	6766090.0	975.0	22.0	231.0	9.0	1325.0	70.0	17230.0	0.0	15	fan	1
106.474803		Nan		Nan			18.0	0.0	0.0	1318.0	0.0	0.0	0.0	15	fan	1
106.576015	7.0	3.0	80.0	-64.9202	9448840.0	975.0	33.0	326.0	9.0	1326.0	96.0	14883.0	0.0	15	fan	1
106.677331	9.0	3.0	40.0	-63.0	30695.8	600.0	2.0	1.0	1.0	1326.0	0.0	0.0	0.0	15	fan	1
106.777709	7.0	3.0	80.0	-65.0054	11069300.0	975.0	18.0	373.0	11.0	1305.0	98.0	10614.0	0.0	15	fan	1
106.878544	7.0	3.0	80.0	-64.8864	2585790.0	975.0	15.0	88.0	1.0	1338.0	35.0	16452.0	0.0	15	fan	1
106.980078	7.0	3.0	80.0	-65.0	8591670.0	975.0	24.0	296.0	16.0	1250.0	75.0	10340.0	0.0	15	fan	1
107.080626	7.0	3.0	80.0	-65.1757	2206530.0	975.0	10.0	74.0	6.0	1367.0	16.0	36.0	0.0	15	fan	1
107.181640	7.0	3.0	80.0	-65.1233	6593930.0	975.0	30.0	227.0	13.0	1311.0	74.0	22841.0	0.0	15	fan	1
107.282091	7.0	3.0	80.0	-64.9605	5132500.0	975.0	13.0	177.0	3.0	1336.0	68.0	16551.0	0.0	15	fan	1
107.382232	7.0	3.0	80.0	-64.8889	790648.0	975.0	16.0	27.0	6.0	1249.0	5.0	2014.0	0.0	15	fan	1
107.482854		Nan		Nan			17.0	0.0	0.0	1343.0	0.0	0.0	0.0	15	fan	1
107.583395		Nan		Nan			60.0	0.0	0.0	1298.0	0.0	0.0	0.0	15	fan	1
107.683528		Nan		Nan			39.0	0.0	0.0	1314.0	0.0	0.0	0.0	15	fan	1
107.783989		Nan		Nan			42.0	0.0	0.0	1271.0	0.0	0.0	0.0	15	fan	1
107.884811		Nan		Nan			31.0	0.0	0.0	1274.0	0.0	0.0	0.0	15	fan	1
107.986594		Nan		Nan			44.0	0.0	0.0	1321.0	0.0	0.0	0.0	15	fan	1
108.087256		Nan		Nan			38.0	0.0	0.0	1316.0	0.0	0.0	0.0	15	fan	1
108.188255		Nan		Nan			37.0	0.0	0.0	1318.0	0.0	0.0	0.0	15	fan	1
108.288384		Nan		Nan			38.0	0.0	0.0	1261.0	0.0	0.0	0.0	15	fan	1
108.388644		Nan		Nan			21.0	0.0	0.0	1150.0	0.0	0.0	0.0	15	fan	1
108.489404		Nan		Nan			46.0	0.0	0.0	1330.0	0.0	0.0	0.0	15	fan	1
108.589514		Nan		Nan			35.0	0.0	0.0	1448.0	0.0	0.0	0.0	15	fan	1
108.690526	7.0	3.0	80.0	-65.207	9247990.0	975.0	52.0	314.0	9.0	1418.0	93.0	40972.0	0.0	15	fan	1
108.790751		Nan		Nan			14.0	0.0	0.0	1463.0	0.0	0.0	0.0	15	fan	1
108.890762		Nan		Nan			56.0	0.0	0.0	1401.0	0.0	0.0	0.0	15	fan	1
108.991529		Nan		Nan			41.0	0.0	0.0	1362.0	0.0	0.0	0.0	15	fan	1
109.092576		Nan		Nan			26.0	0.0	0.0	1383.0	0.0	0.0	0.0	15	fan	1
109.192706		Nan		Nan			58.0	0.0	0.0	1406.0	0.0	0.0	0.0	15	fan	1
109.294110		Nan		Nan			64.0	0.0	0.0	1422.0	0.0	0.0	0.0	15	fan	1
109.395449		Nan		Nan			43.0	0.0	0.0	1457.0	0.0	0.0	0.0	15	fan	1
109.496425	7.0	3.0	80.0	-64.9556	5346870.0	975.0	50.0	180.0	5.0	1404.0	74.0	23694.0	0.0	15	fan	1
109.597549		Nan		Nan			19.0	0.0	0.0	1477.0	0.0	0.0	0.0	15	fan	1
109.697702		Nan		Nan			46.0	0.0	0.0	1400.0	0.0	0.0	0.0	15	fan	1
109.797792		Nan		Nan			37.0	0.0	0.0	1417.0	0.0	0.0	0.0	15	fan	1
109.897983	7.0	3.0	80.0	-65.0899	7989960.0	975.0	19.0	267.0	16.0	1389.0	76.0	34404.0	0.0	15	fan	1
109.997990	7.0	3.0	80.0	-65.3029	7273930.0	975.0	5.0	241.0	0.0	1430.0	72.0	12440.0	0.0	15	fan	1
110.098858	7.0	3.0	80.0	-64.3889	1031350.0	975.0	26.0	36.0	15.0	1373.0	4.0	2127.0	0.0	15	fan	1
110.199073		Nan		Nan			3.0	0.0	0.0	1443.0	0.0	0.0	0.0	15	fan	1
110.299837	7.0	3.0	80.0	-64.984	3725560.0	975.0	8.0	125.0	5.0	1424.0	43.0	15295.0	0.0	15	fan	1
110.400021	7.0	3.0	80.0	-65.1425	26071500.0	975.0	1.0	884.0	14.0	1456.0	268.0	70228.0	0.0	15	fan	1
110.501085	7.0	3.0	80.0	-65.0577	25160100.0	975.0	0.0	849.0	15.0	1451.0	258.0	45660.0	0.0	15	fan	1
110.601993	7.0	3.0	80.0	-65.0708	6333260.0	975.0	9.0	212.0	5.0	1325.0	66.0	12213.0	0.0	15	fan	1
110.703636	7.0	3.0	80.0	-65.0417	731857.0	975.0	11.0	24.0	8.0	1421.0	6.0	2607.0	0.0	15	fan	1
110.804783	7.0	3.0	80.0	-65.172	2745580.0	975.0	1.0	93.0	0.0	1475.0	28.0	8242.0	0.0	15	fan	1
110.904946		Nan		Nan			8.0	0.0	0.0	1322.0	0.0	0.0	0.0	15	fan	1
111.006082		Nan		Nan			1.0	0.0	0.0	1253.0	0.0	0.0	0.0	15	fan	1
111.106655		Nan		Nan			17.0	0.0	0.0	1327.0	0.0	0.0	0.0	15	fan	1
111.208040	7.0	3.0	80.0	-65.0475	18313500.0	975.0	36.0	632.0	4.0	1287.0	222.0	79618.0	0.0	15	fan	1
111.308082	7.0	3.0	80.0	-65.0733	25039200.0	975.0	0.0	846.0	16.0	1316.0	230.0	61932.0	0.0	15	fan	1
111.408644	7.0	3.0	80.0	-64.9091	2253350.0	975.0	25.0	77.0	2.0	1324.0	35.0	4418.0	0.0	15	fan	1
111.509590		Nan		Nan			42.0	0.0	0.0	1320.0	0.0	0.0	0.0	15	fan	1
111.610122		Nan		Nan			54.0	0.0	0.0	1329.0	0.0	0.0	0.0	15	fan	1
111.710252		Nan		Nan			37.0	0.0	0.0	1312.0	0.0	0.0	0.0	15	fan	1
111.811080		Nan		Nan			44.0	0.0	0.0	1300.0	0.0	0.0	0.0	15	fan	1
111.912431		Nan		Nan			17.0	0.0	0.0	1327.0	0.0	0.0	0.0	15	fan	1
112.013528	7.0	3.0	80.0	-65.1464	9291110.0	975.0	33.0	321.0	20.0	1295.0	107.0	28779.0	0.0	15	fan	1
112.114002		Nan		Nan			1.0	0.0	0.0	1309.0	0.0	0.0	0.0	15	fan	1
112.215343		Nan		Nan			32.0	0.0	0.0	1291.0	0.0	0.0	0.0	15	fan	1
112.315968		Nan		Nan			20.0	0.0	0.0	1320.0	0.0	0.0	0.0	15	fan	1
112.416577		Nan		Nan			39.0	0.0	0.0	1285.0	0.0	0.0	0.0	15	fan	1
112.517144		Nan		Nan			8.0	0.0	0.0	1310.0	0.0	0.0	0.0	15	fan	1
112.618323		Nan		Nan			12.0	0.0	0.0	1306.0	0.0	0.0	0.0	15	fan	1
112.719559		Nan		Nan			24.0	0.0	0.0	1311.0	0.0	0.0	0.0	15	fan	1
112.820617		Nan		Nan			29.0	0.0	0.0	1163.0	0.0	0.0	0.0	15	fan	1
112.921661		Nan		Nan			25.0	0.0	0.0	1267.0	0.0	0.0	0.0	15	fan	1
113.022170		Nan		Nan			68.0	0.0	0.0	1267.0	0.0	0.0	0.0	15	fan	1
113.122860		Nan		Nan			39.0	0.0	0.0	1324.0	0.0	0.0	0.0	15	fan	1
113.223656		Nan		Nan			47.0	0.0	0.0	1269.0	0.0	0.0	0.0	15	fan	1
113.323932		Nan		Nan			13.0	0.0	0.0	1276.0	0.0	0.0	0.0	15	fan	1
113.424383		Nan		Nan			52.0	0.0	0.0	1275.0	0.0	0.0	0.0	15	fan	1
113.525034		Nan		Nan			7.0	0.0	0.0	1304.0	0.0	0.0	0.0	15	fan	1
113.625187		Nan		Nan			8.0	0.0	0.0	1308.0	0.0	0.0	0.0	15	fan	1
113.725703		Nan		Nan			47.0	0.0	0.0	1260.0	0.0	0.0	0.0	15	fan	1
113.826597		Nan		Nan			39.0	0.0	0.0	1316.0	0.0	0.0	0.0	15	fan	1
113.927344		Nan		Nan			60.0	0.0	0.0	1292.0	0.0	0.0	0.0	15	fan	1
114.027562		Nan		Nan			33.0	0.0	0.0	1217.0	0.0	0.0	0.0	15	fan	1
114.128155	7.0	3.0	80.0	-65.0284	15642000.0	975.0	30.0	529.0	16.0	1400.0	157.0	59186.0	0.0	15	fan	1
114.229214		Nan		Nan			4.0	0.0	0.0	1465.0	0.0	0.0	0.0	15	fan	1
114.330130	7.0	3.0	80.0	-64.68	723180.0	975.0	43.0	25.0	0.0	1415.0	6.0	2163.0	0.0	15	fan	1
114.431495		Nan		Nan			29.0	0.0	0.0	1418.0	0.0	0.0	0.0	15	fan	1
114.532652		Nan		Nan			84.0	0.0	0.0	1405.0	0.0	0.0	0.0	15	fan	1
114.633872		Nan		Nan			36.0	0.0	0.0	1422.0	0.0	0.0	0.0	15	fan	1
114.735035		Nan		Nan			79.0	0.0	0.0	1352.0	0.0	0.0	0.0	15	fan	1
114.835716		Nan		Nan			42.0	0.0	0.0	1436.0	0.0	0.0	0.0	15	fan	1
114.936880		Nan		Nan			20.0	0.0	0.0	1400.0	0.0	0.0	0.0	15	fan	1
115.037390		Nan		Nan			3.0	0.0	0.0	1298.0	0.0	0.0	0.0	15	fan	1
115.138376		Nan		Nan			30.0	0.0	0.0	1435.0	0.0	0.0	0.0	15	fan	1
115.238977		Nan		Nan			48.0	0.0	0.0	1435.0	0.0	0.0	0.0	15	fan	1
115.340280		Nan		Nan			68.0	0.0	0.0	1395.0	0.0	0.0	0.0	15	fan	1
115.440699		Nan		Nan			38.0	0.0	0.0	1435.0	0.0	0.0	0.0	15	fan	1
115.541390		Nan		Nan			48.0	0.0	0.0	1422.0	0.0	0.0	0.0	15	fan	1
115.641813		Nan		Nan			4.0	0.0	0.0	1434.0	0.0	0.0	0.0	15	fan	1
115.742740		Nan		Nan			11.0	0.0	0.0	1451.0	0.0	0.0	0.0	15	fan	1
115.842843		Nan		Nan			55.0	0.0	0.0	1443.0	0.0	0.0	0.0	15	fan	1
115.943742		Nan		Nan			19.0	0.0	0.0	1224.0	0.0	0.0	0.0	15	fan	1
116.044856		Nan		Nan			39.0	0.0	0.0	1286.0	0.0	0.0	0.0	15	fan	1
116.145688		Nan		Nan			58.0	0.0	0.0	1294.0	0.0	0.0	0.0	15	fan	1
116.246559		Nan		Nan			37.0	0.0	0.0	1296.0	0.0	0.0	0.0	15	fan	1
116.347388		Nan		Nan			39.0	0.0	0.0	1326.0	0.0	0.0	0.0	15	fan	1
116.448307		Nan		Nan			11.0	0.0	0.0	1295.0	0.0	0.0	0.0	15	fan	1
116.550339		Nan		Nan			32.0	0.0	0.0	1342.0	0.0	0.0	0.0	15	fan	1
116.650753		Nan		Nan			16.0	0.0	0.0	1312.0	0.0	0.0	0.0	15	fan	1
116.751054		Nan		Nan			27.0	0.0	0.0	1312.0	0.0	0.0	0.0	15	fan	1
116.851192		Nan		Nan			69.0	0.0	0.0	1222.0	0.0	0.0	0.0	15	fan	1
116.951530		Nan		Nan			16.0	0.0	0.0	1307.0	0.0	0.0	0.0	15	fan	1
117.052348		Nan		Nan			38.0	0.0	0.0	1242.0	0.0	0.0	0.0	15	fan	1
117.153680		Nan		Nan			8.0	0.0	0.0	1190.0	0.0	0.0	0.0	15	fan	1
117.254858	7.0	3.0	80.0	-63.8889	1058240.0	975.0	25.0	36.0	7.0	1315.0	9.0	2338.0	0.0	15	fan	1
117.355132		Nan		Nan			18.0	0.0	0.0	1323.0	0.0	0.0	0.0	15	fan	1
117.455217		Nan		Nan			40.0	0.0	0.0	1284.0	0.0	0.0	0.0	15	fan	1
117.556483		Nan		Nan			13.0	0.0	0.0	1334.0	0.0	0.0	0.0	15	fan	1
117.657509		Nan		Nan			32.0	0.0	0.0	1288.0	0.0	0.0	0.0	15	fan	1
117.757663		Nan		Nan			41.0	0.0	0.0	1327.0	0.0	0.0	0.0	15	fan	1
117.858172	8.0	3.0	80.0	-67.0	30942.5	1170.0	23.0	1.0	0.0	1328.0	1.0	2190.0	0.0	15	fan	1
117.958174		Nan		Nan			5.0	0.0	0.0	1334.0	0.0	0.0	0.0	15	fan	1
118.058599		Nan		Nan			15.0	0.0	0.0	1349.0	0.0	0.0	0.0	15	fan	1
118.159864		Nan		Nan			13.0	0.0	0.0	1477.0	0.0	0.0	0.0	15	fan	1
118.260392	7.0	3.0	80.0	-64.0448	9985760.0	975.0	16.0	335.0	3.0	1433.0	100.0	28316.0	0.0	15	fan	1
118.360448	7.0	3.0	80.0	-64.0398	11971600.0	975.0	6.0	402.0	11.0	1438.0	115.0	45284.0	0.0	15	fan	1
118.461716	7.0	3.0	80.0	-63.765	6925310.0	975.0	59.0	234.0	4.0	1427.0	68.0	10176.0	0.0	15	fan	1
118.562147	7.0	3.0	80.0	-63.7972	4308220.0	975.0	33.0	143.0	4.0	1452.0	43.0	16794.0	0.0	15	fan	1
118.663156	7.0	3.0	80.0	-63.9665	6234580.0	975.0	19.0	209.0	5.0	1446.0	67.0	39037.0	0.0	15	fan	1
118.763570	7.0	3.0	80.0	-63.9946	16654000.0	975.0	1.0	558.0	2.0	1477.0	154.0	45361.0	0.0	15	fan	1
118.864833	7.0	3.0	80.0	-64.1081	4351520.0	975.0	42.0	148.0	18.0	1451.0	31.0	14224.0	0.0	15	fan	1
118.965354	7.0	3.0	80.0	-64.1815	28781900.0	975.0	0.0	964.0	11.0	1456.0	231.0	61954.0	0.0	15	fan	1
119.065586	7.0	3.0	80.0	-64.1099	23598600.0	975.0	0.0	801.0	6.0	1393.0	220.0	53747.0	0.0	15	fan	1
119.165878		Nan		Nan			6.0	0.0	0.0	1437.0	0.0	0.0	0.0	15	fan	1
119.266399		Nan		Nan			35.0	0.0	0.0	1436.0	0.0	0.0	0.0	15	fan	1
119.366987	7.0	3.0	80.0	-64.0948	12346500.0	975.0	5.0	422.0	11.0	1293.0	139.0	36029.0	0.0	15	fan	1
119.467680		Nan		Nan			9.0	0.0	0.0	1429.0	0.0	0.0	0.0	15	fan	1
119.568132		Nan		Nan			4.0	0.0	0.0	1298.0	0.0	0.0	0.0	15	fan	1
119.668607		Nan		Nan			13.0	0.0	0.0	1310.0	0.0	0.0	0.0	15	fan	1
119.769220	7.00277	3.0	79.9447	-64.1245	21227000.0	974.481	9.0	723.0	16.0	1334.0	181.0	29829.0	0.0	15	fan	1
119.870545	7.0	3.0	80.0	-64.0208	25126600.0	975.0	0.0	867.0	17.0	1342.0	233.0	53751.0	0.0	15	fan	1
119.971397	7.0	3.0	80.0	-64.0795	7725950.0	975.0	12.0	264.0	4.0	1330.0	66.0	16725.0	0.0	15	fan	1
120.072494		Nan		Nan			6.0	0.0	0.0	1328.0	0.0	0.0	0.0	15	fan	1
120.173341		Nan		Nan			14.0	0.0	0.0	1328.0	0.0	0.0	0.0	15	fan	1
120.274195		Nan		Nan			5.0	0.0	0.0	1331.0	0.0	0.0	0.0	15	fan	1
120.374880	7.0	3.0	80.0	-64.0181	4840950.0	975.0	10.0	166.0	7.0	1311.0	51.0	5273.0	0.0	15	fan	1
120.474890		Nan		Nan			27.0	0.0	0.0	1286.0	0.0	0.0	0.0	15	fan	1
120.574897		Nan		Nan			37.0	0.0	0.0	1289.0	0.0	0.0	0.0	15	fan	1
120.675230		Nan		Nan			32.0	0.0	0.0	1308.0	0.0	0.0	0.0	15	fan	1
120.776595		Nan		Nan			37.0	0.0	0.0	1291.0	0.0	0.0	0.0	15	fan	1
120.877679		Nan		Nan			10.0	0.0	0.0	1320.0	0.0	0.0	0.0	15	fan	1
120.978836		Nan		Nan			20.0	0.0	0.0	1316.0	0.0	0.0	0.0	15	fan	1
121.079189		Nan		Nan			31.0	0.0	0.0	1299.0	0.0	0.0	0.0	15	fan	1
121.179308		Nan		Nan			30.0	0.0	0.0	1299.0	0.0	0.0	0.0	15	fan	1
121.280151		Nan		Nan			38.0	0.0	0.0	1309.0	0.0	0.0	0.0	15	fan	1
121.380904	7.0	3.0	80.0	-64.0149	5945440.0	975.0	50.0	202.0	2.0	1302.0	47.0	21608.0	0.0	15	fan	1
121.481284	7.0	3.0	80.0	-64.0183	25699800.0	975.0	0.0	874.0	14.0	1317.0	225.0	45517.0	0.0	15	fan	1
121.582337	7.0	3.0	80.0	-63.9833	20776000.0	975.0	0.0	718.0	6.0	1178.0	240.0	61905.0	0.0	15	fan	1
121.682877	7.0	3.0	80.0	-63.9946	16186000.0	975.0	3.0	559.0	10.0	1310.0	136.0	28985.0	0.0	15	fan	1
121.783457		Nan		Nan			44.0	0.0	0.0	1311.0	0.0	0.0	0.0	15	fan	1
121.884346		Nan		Nan			27.0	0.0	0.0	1331.0	0.0	0.0	0.0	15	fan	1
121.984587		Nan		Nan			68.0	0.0	0.0	1297.0	0.0	0.0	0.0	15	fan	1
122.084884		Nan		Nan			29.0	0.0	0.0	1302.0	0.0	0.0	0.0	15	fan	1
122.185344		Nan		Nan			34.0	0.0	0.0	1313.0	0.0	0.0	0.0	15	fan	1
122.285816		Nan		Nan			35.0	0.0	0.0	1275.0	0.0	0.0	0.0	15	fan	1
122.387072		Nan		Nan			21.0	0.0	0.0	1320.0	0.0	0.0	0.0	15	fan	1
122.487241	7.0	3.0	80.0	-63.7778	542063.0	975.0	29.0	18.0	0.0	1266.0	4.0	1587.0	0.0	15	fan	1
122.587699		Nan		Nan			5.0	0.0	0.0	1310.0	0.0	0.0	0.0	15	fan	1
122.688400	9.0	3.0	40.0	-62.0	30764.2	600.0	40.0	1.0	0.0	1298.0	1.0	3068.0	0.0	15	fan	1
122.789535		Nan		Nan			41.0	0.0	0.0	1331.0	0.0	0.0	0.0	15	fan	1
122.889963	7.0	3.0	80.0	-64.0581	18444700.0	975.0	46.0	637.0	23.0	1320.0	147.0	31318.0	0.0	15	fan	1
122.991226	7.0	3.0	80.0	-63.9477	24868400.0	975.0	0.0	861.0	10.0	1345.0	236.0	29168.0	0.0	15	fan	1
123.091264	7.0	3.0	80.0	-64.0178	21475300.0	975.0	0.0	729.0	14.0	1330.0	216.0	41467.0	0.0	15	fan	1
123.192058		Nan		Nan			3.0	0.0	0.0	1300.0	0.0	0.0	0.0	15	fan	1
123.293322	7.0	3.0	80.0	-63.8947	536655.0	975.0	45.0	19.0	6.0	1295.0	8.0	1993.0	0.0	15	fan	1
123.394579		Nan		Nan			29.0	0.0	0.0	1379.0	0.0	0.0	0.0	15	fan	1
123.494850		Nan		Nan			42.0	0.0	0.0	1291.0	0.0	0.0	0.0	15	fan	1
123.596266		Nan		Nan			28.0	0.0	0.0	1322.0	0.0	0.0	0.0	15	fan	1
123.697020		Nan		Nan			41.0	0.0	0.0	1296.0	0.0	0.0	0.0	15	fan	1
123.797774		Nan		Nan			11.0	0.0	0.0	1299.0	0.0	0.0	0.0	15	fan	1
123.898559	7.0	3.0	80.0	-63.9231	6068360.0	975.0	36.0	208.0	12.0	1172.0	48.0	12213.0	0.0	15	fan	1
123.999909		Nan		Nan			2.0	0.0	0.0	1306.0	0.0	0.0	0.0	15	fan	1
124.100304	7.0	3.0	80.0	-63.6296	818921.0	975.0	22.0	27.0	2.0	1238.0	8.0	2317.0	0.0	15	fan	1
124.201150		Nan		Nan			35.0	0.0	0.0	1322.0	0.0	0.0	0.0	15	fan	1
124.301555		Nan		Nan			25.0	0.0	0.0	1280.0	0.0	0.0	0.0	15	fan	1
124.402284		Nan		Nan			3.0	0.0	0.0	1320.0	0.0	0.0	0.0	15	fan	1
124.502887		Nan		Nan			21.0	0.0	0.0	1314.0	0.0	0.0	0.0	15	fan	1
124.603315		Nan		Nan			38.0	0.0	0.0	1312.0	0.0	0.0	0.0	15	fan	1
124.703524		Nan		Nan			17.0	0.0	0.0	1312.0	0.0	0.0	0.0	15	fan	1
124.803900		Nan		Nan			23.0	0.0	0.0	1342.0	0.0	0.0	0.0	15	fan	1
124.904921		Nan		Nan			30.0	0.0	0.0	1302.0	0.0	0.0	0.0	15	fan	1
125.005185		Nan		Nan			41.0	0.0	0.0	1318.0	0.0	0.0	0.0	15	fan	1
125.105889		Nan		Nan			18.0	0.0	0.0	1320.0	0.0	0.0	0.0	15	fan	1
125.206649	7.0	3.0	80.0	-64.1672	8594620.0	975.0	26.0	293.0	25.0	1284.0	89.0	39087.0	0.0	15	fan	1
125.308034	7.0	3.0	80.0	-63.9263	2696570.0	975.0	8.0	95.0	0.0	1343.0	33.0	12351.0	0.0	15	fan	1
125.408041		Nan		Nan			29.0	0.0	0.0	1311.0	0.0	0.0	0.0	15	fan	1
125.508748		Nan		Nan			42.0	0.0	0.0	1318.0	0.0	0.0	0.0	15	fan	1
125.609402	7.0	3.0	80.0	-63.9535	6217140.0	975.0	45.0	215.0	13.0	1292.0	63.0	12435.0	0.0	15	fan	1
125.710330		Nan		Nan			14.0	0.0	0.0	1368.0	0.0	0.0	0.0	15	fan	1
125.811872	7.0	3.0	80.0	-64.0418	10573300.0	975.0	13.0	359.0	9.0	1456.0	103.0	35494.0	0.0	15	fan	1
125.913360		Nan		Nan			4.0	0.0	0.0	1460.0	0.0	0.0	0.0	15	fan	1
126.014598	7.0	3.0	80.0	-64.1091	4917930.0	975.0	19.0	165.0	8.0	1464.0	56.0	10709.0	0.0	15	fan	1
126.115823		Nan		Nan			12.0	0.0	0.0	1350.0	0.0	0.0	0.0	15	fan	1
126.215842		Nan		Nan			30.0	0.0	0.0	1412.0	0.0	0.0	0.0	15	fan	1
126.316050		Nan		Nan			37.0	0.0	0.0	1434.0	0.0	0.0	0.0	15	fan	1
126.417225		Nan		Nan			43.0	0.0	0.0	1438.0	0.0	0.0	0.0	15	fan	1
126.517351		Nan		Nan			52.0	0.0	0.0	1442.0	0.0	0.0	0.0	15	fan	1
126.617988	7.0	3.0	80.0	-64.0265	6691810.0	975.0	44.0	226.0	17.0	1398.0	70.0	33303.0	0.0	15	fan	1
126.718975		Nan		Nan			11.0	0.0	0.0	1463.0	0.0	0.0	0.0	15	fan	1
126.820331	7.0	3.0	80.0	-64.1672	8926550.0	975.0	14.0	305.0	0.0	1457.0	83.0	60164.0	0.0	15	fan	1
126.920840	7.0	3.0	80.0	-64.0519	12010900.0	975.0	2.0	405.0	11.0	1462.0	112.0	24836.0	0.0	15	fan	1
127.021258	7.0	3.0	80.0	-64.392	5298390.0	975.0	4.0	176.0	7.0	1423.0	65.0	30689.0	0.0	15	fan	1
127.121593		Nan		Nan			19.0	0.0	0.0	1465.0	0.0	0.0	0.0	15	fan	1
127.239970		Nan		Nan			20.0	0.0	0.0	373.0	0.0	0.0	0.0	15	fan	1
127.390077		Nan		Nan			0.0	0.0	0.0	2.0	0.0	0.0	0.0	15	fan	1
##	304623.0	175039.0	1.740315		Nan		Nan							15	fan	1
