time	mcs	nss	bw	rssi	throughput_monitor	datarate	pktlost_ack	nbpkt_monitor	retry	nbpkt_ack	pktlost_seq_initial	pktlost_seq_new	distance	antenna	LoS
7.015006	7.0	3.0	40.0	-60.333333	74203.130326	450.0	7.0	3.0	3.0	844.0	0.0	0.0	22	vertical	1
7.118251	7.0	3.0	36.0	-60.2	135599.704172	403.2	22.0	5.0	5.0	836.0	0.0	0.0	22	vertical	1
7.223218	7.0	3.0	35.0	-59.5	103861.024537	391.5	15.0	4.0	4.0	818.0	0.0	0.0	22	vertical	1
7.327314	7.0	3.0	30.0	-60.0	45093.124507	333.0	13.0	2.0	2.0	829.0	0.0	0.0	22	vertical	1
7.456784	7.0	3.0	36.0	-61.0	119826.857374	403.2	1.0	5.0	5.0	1004.0	0.0	0.0	22	vertical	1
7.560691	7.0	3.0	40.0	-60.857143	194481.658021	450.0	2.0	7.0	7.0	824.0	0.0	0.0	22	vertical	1
7.664355	7.0	3.0	36.0	-60.2	120446.699244	403.2	5.0	5.0	5.0	819.0	0.0	0.0	22	vertical	1
7.794705	7.0	3.0	24.0	-58.4	107403.286275	262.8	10.0	5.0	5.0	1011.0	0.0	0.0	22	vertical	1
7.978807	7.0	3.0	30.0	-59.0	118369.201568	333.0	10.0	8.0	8.0	1471.0	0.0	0.0	22	vertical	1
8.162307	7.0	3.0	40.0	-61.125	110506.533766	450.0	5.0	8.0	8.0	1476.0	0.0	0.0	22	vertical	1
8.267097	7.0	3.0	40.0	-61.2	119153.071875	450.0	13.0	5.0	5.0	796.0	0.0	0.0	22	vertical	1
8.372165	7.0	3.0	30.0	-59.75	207408.077448	333.0	7.0	8.0	8.0	807.0	0.0	0.0	22	vertical	1
8.525682	7.0	3.0	44.0	-61.0	81411.049823	508.2	33.0	5.0	4.0	1210.0	1.0	4037.0	22	vertical	1
8.629717	7.333333	2.833333	40.0	-62.5	164464.383479	441.333333	18.0	6.0	5.0	816.0	1.0	306.0	22	vertical	1
8.789782	7.0	3.0	32.5	-60.25	126685.964941	362.25	16.0	8.0	8.0	1268.0	0.0	0.0	22	vertical	1
8.895054	7.0	3.0	37.142857	-60.857143	177577.145557	416.571429	5.0	7.0	7.0	823.0	0.0	0.0	22	vertical	1
9.103096	7.0	3.0	33.333333	-60.333333	82185.320062	372.0	12.0	6.0	6.0	2172.0	0.0	0.0	22	vertical	1
9.228537	7.125	2.875	45.0	-62.0	173627.619553	491.25	8.0	8.0	8.0	1372.0	0.0	0.0	22	vertical	1
9.361390	7.0	3.0	40.0	-62.0	23319.063416	450.0	20.0	1.0	1.0	1462.0	0.0	0.0	22	vertical	1
9.624624	7.0	3.0	33.333333	-59.583333	135613.401681	372.0	15.0	12.0	12.0	2877.0	0.0	0.0	22	vertical	1
9.834757	7.0	3.0	40.0	-61.0	59029.087906	450.0	30.0	4.0	4.0	2264.0	0.0	0.0	22	vertical	1
9.938962	7.0	3.0	40.0	-61.0	104506.269057	450.0	15.0	4.0	4.0	1128.0	0.0	0.0	22	vertical	1
10.043481	7.0	3.0	40.0	-60.75	104191.139784	450.0	1.0	4.0	4.0	1126.0	0.0	0.0	22	vertical	1
10.144629	5.007491	3.0	79.850187	-62.061174	23327759.957828	778.764045	7.0	801.0	21.0	1072.0	9.0	3256.0	22	vertical	1
10.245151	5.01027	3.0	79.794608	-62.215661	21857516.00888	778.30552	2.0	779.0	13.0	797.0	14.0	31.0	22	vertical	1
10.345663	5.002554	3.0	79.948914	-62.228608	22103787.714893	779.578544	1.0	783.0	9.0	796.0	11.0	22.0	22	vertical	1
10.460579	5.012327	3.0	79.753467	-62.228043	16096032.245495	777.966102	9.0	649.0	19.0	916.0	12.0	31.0	22	vertical	1
10.565338	7.0	3.0	25.0	-58.75	104067.001814	274.5	5.0	4.0	4.0	814.0	0.0	0.0	22	vertical	1
10.670353	7.0	3.0	20.0	-58.333333	88615.967706	216.0	7.0	3.0	3.0	845.0	0.0	0.0	22	vertical	1
10.798327	7.5	3.0	23.333333	-59.0	133605.50369	277.0	5.0	6.0	3.0	1013.0	2.0	1918.0	22	vertical	1
10.903444	7.0	3.0	40.0	-61.333333	162656.884625	450.0	2.0	6.0	6.0	824.0	0.0	0.0	22	vertical	1
11.003554	5.005917	3.0	79.881657	-62.275148	9641242.388994	779.023669	11.0	338.0	13.0	797.0	11.0	2303.0	22	vertical	1
11.192936	5.01385	3.0	79.722992	-62.231302	10923835.334929	777.714681	8.0	722.0	18.0	1901.0	13.0	27.0	22	vertical	1
11.400420	7.0	3.0	36.0	-60.6	67417.453286	403.2	11.0	5.0	5.0	2940.0	0.0	0.0	22	vertical	1
11.637041	7.166667	2.833333	30.0	-60.833333	72258.796235	310.0	2.0	6.0	5.0	3267.0	1.0	3288.0	22	vertical	1
12.026817	7.0	3.0	40.0	-61.0	47719.743853	450.0	17.0	6.0	6.0	5036.0	0.0	0.0	22	vertical	1
12.181248	7.0	3.0	40.0	-61.0	110638.305643	450.0	22.0	6.0	6.0	1974.0	0.0	0.0	22	vertical	1
12.340354	7.0	3.0	40.0	-61.0	97432.075271	450.0	16.0	5.0	5.0	2071.0	0.0	0.0	22	vertical	1
12.611022	7.2	2.8	48.0	-62.8	57317.393192	516.0	34.0	5.0	4.0	3509.0	1.0	300.0	22	vertical	1
12.807225	7.0	3.0	40.0	-61.0	181883.481688	450.0	21.0	12.0	12.0	2366.0	0.0	0.0	22	vertical	1
12.968548	7.0	3.0	40.0	-61.0	86707.861496	450.0	34.0	5.0	5.0	2056.0	0.0	0.0	22	vertical	1
13.243760	7.166667	2.833333	46.666667	-62.666667	62126.721434	505.0	83.0	6.0	5.0	3560.0	1.0	3895.0	22	vertical	1
13.385654	7.0	3.0	40.0	-61.142857	152916.482307	450.0	5.0	7.0	7.0	2015.0	0.0	0.0	22	vertical	1
13.593910	7.0	3.0	36.666667	-61.333333	89313.129026	411.0	78.0	6.0	6.0	2951.0	0.0	0.0	22	vertical	1
13.907437	7.0	3.0	20.0	-58.0	59325.089649	216.0	72.0	6.0	6.0	4424.0	0.0	0.0	22	vertical	1
14.166326	7.0	3.0	22.857143	-58.428571	77964.004779	249.428571	35.0	7.0	7.0	3637.0	0.0	0.0	22	vertical	1
14.874747	7.111111	2.888889	44.444444	-62.111111	35134.469418	486.666667	126.0	9.0	8.0	9715.0	1.0	2259.0	22	vertical	1
15.229478	8.0	2.0	80.0	-69.0	8767.197655	780.0	36.0	1.0	0.0	4343.0	1.0	281.0	22	vertical	1
15.683760	7.0	3.0	40.0	-62.0	6819.548274	450.0	52.0	1.0	1.0	5850.0	0.0	0.0	22	vertical	1
16.126134	7.0	3.0	40.0	-61.8	31620.360079	450.0	59.0	5.0	5.0	5723.0	0.0	0.0	22	vertical	1
16.736585	7.2	2.8	48.0	-63.2	22933.836226	516.0	89.0	5.0	4.0	8262.0	1.0	2845.0	22	vertical	1
16.884194	7.166667	2.833333	46.666667	-62.666667	115751.715051	505.0	40.0	6.0	5.0	1921.0	1.0	2497.0	22	vertical	1
16.985111	7.0	3.0	40.0	-61.0	30698.777403	450.0	5.0	1.0	1.0	1308.0	0.0	0.0	22	vertical	1
17.435582	7.1	2.9	44.0	-62.4	65491.398197	483.0	63.0	10.0	9.0	5706.0	1.0	1897.0	22	vertical	1
17.667189	7.0	3.0	23.333333	-59.333333	80308.457012	255.0	33.0	6.0	6.0	3020.0	0.0	0.0	22	vertical	1
17.877469	7.0	3.0	40.0	-61.2	66520.913834	450.0	25.0	5.0	5.0	2762.0	0.0	0.0	22	vertical	1
18.084904	7.0	3.0	40.0	-61.833333	82367.720134	450.0	54.0	6.0	6.0	2973.0	0.0	0.0	22	vertical	1
18.189586	7.0	3.0	40.0	-61.0	192813.32282	450.0	12.0	7.0	7.0	1479.0	0.0	0.0	22	vertical	1
18.399734	7.0	3.0	40.0	-61.0	96046.663832	450.0	7.0	7.0	7.0	2967.0	0.0	0.0	22	vertical	1
20.126687	7.166667	2.833333	46.666667	-62.5	10777.360235	505.0	305.0	6.0	5.0	23936.0	1.0	3097.0	22	vertical	1
20.433638	7.0	3.0	40.0	-62.0	10092.820063	450.0	29.0	1.0	1.0	3949.0	0.0	0.0	22	vertical	1
20.593455	7.0	3.0	40.0	-61.5	193996.544053	450.0	5.0	10.0	10.0	2086.0	0.0	0.0	22	vertical	1
20.722084	7.166667	2.833333	46.666667	-63.166667	132925.044525	505.0	11.0	6.0	5.0	1685.0	1.0	4035.0	22	vertical	1
21.427212	7.0	3.0	29.090909	-60.0	46215.707199	322.363636	184.0	11.0	11.0	9444.0	0.0	0.0	22	vertical	1
21.741833	7.0	3.0	38.0	-61.2	93732.074813	426.6	53.0	10.0	10.0	4008.0	0.0	0.0	22	vertical	1
21.845583	7.0	3.0	25.0	-59.5	104963.190739	274.5	10.0	4.0	4.0	1251.0	0.0	0.0	22	vertical	1
22.380474	7.5	2.5	60.0	-66.0	8798.061897	615.0	75.0	2.0	1.0	6975.0	1.0	2837.0	22	vertical	1
22.496200	7.0	3.0	40.0	-61.0	26770.000135	450.0	27.0	1.0	1.0	1489.0	0.0	0.0	22	vertical	1
23.098507	7.0	3.0	40.0	-61.333333	28367.595578	450.0	59.0	6.0	6.0	7830.0	0.0	0.0	22	vertical	1
23.308085	7.0	3.0	36.666667	-62.333333	81525.855587	411.0	63.0	6.0	6.0	2704.0	0.0	0.0	22	vertical	1
23.863767	7.2	2.8	32.0	-61.2	27918.823564	328.8	122.0	5.0	4.0	7222.0	1.0	3507.0	22	vertical	1
24.144006	7.0	3.0	40.0	-61.0	11054.857421	450.0	8.0	1.0	1.0	3701.0	0.0	0.0	22	vertical	1
24.665222	7.0	3.0	40.0	-61.0	23798.184169	450.0	38.0	4.0	4.0	7439.0	0.0	0.0	22	vertical	1
24.874239	7.0	3.0	40.0	-61.2	74166.434723	450.0	45.0	5.0	5.0	2961.0	0.0	0.0	22	vertical	1
25.187239	7.0	3.0	40.0	-62.0	64485.6092	450.0	84.0	7.0	7.0	4384.0	0.0	0.0	22	vertical	1
25.483120	7.333333	2.833333	46.666667	-63.666667	57786.816633	519.333333	93.0	6.0	5.0	3806.0	1.0	1430.0	22	vertical	1
25.919794	7.0	3.0	31.666667	-61.666667	78255.090651	352.5	96.0	12.0	12.0	5627.0	0.0	0.0	22	vertical	1
26.685864	7.0	3.0	46.666667	-62.833333	22319.101324	537.5	118.0	6.0	5.0	9832.0	1.0	3168.0	22	vertical	1
26.791400	5.0	3.0	80.0	-63.511164	35470758.198664	780.0	13.0	1254.0	29.0	1286.0	19.0	64.0	22	vertical	1
26.891524	5.0	3.0	80.0	-63.445644	41144458.63432	780.0	3.0	1389.0	21.0	1421.0	20.0	54.0	22	vertical	1
27.196299	5.025105	3.0	79.497908	-63.560669	2336555.088454	775.857741	38.0	239.0	9.0	3932.0	5.0	18.0	22	vertical	1
27.469407	7.25	2.75	50.0	-63.75	45461.898528	532.5	13.0	4.0	3.0	3577.0	1.0	3151.0	22	vertical	1
27.615069	7.0	3.0	40.0	-62.0	21268.379711	450.0	36.0	1.0	1.0	1884.0	0.0	0.0	22	vertical	1
28.738773	7.0	3.0	40.0	-62.166667	15205.070445	450.0	178.0	6.0	6.0	15160.0	0.0	0.0	22	vertical	1
29.156372	7.142857	2.857143	45.714286	-64.0	48362.175163	497.142857	40.0	7.0	6.0	5937.0	1.0	916.0	22	vertical	1
29.261628	7.166667	2.833333	46.666667	-63.0	176826.408882	505.0	8.0	6.0	6.0	1481.0	0.0	0.0	22	vertical	1
30.021932	7.333333	2.833333	46.666667	-63.833333	22488.384992	519.333333	113.0	6.0	5.0	10755.0	1.0	1556.0	22	vertical	1
30.186278	7.142857	2.857143	45.714286	-64.285714	132098.864275	497.142857	42.0	7.0	6.0	2274.0	1.0	2532.0	22	vertical	1
30.435527	7.0	3.0	40.0	-62.0	12429.37174	450.0	39.0	1.0	1.0	3501.0	0.0	0.0	22	vertical	1
31.246241	7.0	3.0	40.0	-62.166667	22942.725666	450.0	220.0	6.0	6.0	11305.0	0.0	0.0	22	vertical	1
32.289730	7.0	3.0	40.0	-63.0	16373.910974	450.0	167.0	6.0	6.0	14781.0	0.0	0.0	22	vertical	1
32.814158	7.0	3.0	40.0	-63.0	8950.706144	450.0	44.0	2.0	2.0	7292.0	0.0	0.0	22	vertical	1
32.918002	7.0	3.0	40.0	-63.0	179115.898945	450.0	18.0	6.0	6.0	1449.0	0.0	0.0	22	vertical	1
33.157710	7.0	3.0	43.333333	-63.166667	142606.734209	493.75	44.0	12.0	11.0	3230.0	1.0	220.0	22	vertical	1
33.464082	7.0	3.0	40.0	-62.0	10111.89286	450.0	56.0	1.0	1.0	3954.0	0.0	0.0	22	vertical	1
33.753419	7.0	3.0	40.0	-62.0	107397.335177	450.0	27.0	11.0	11.0	3714.0	0.0	0.0	22	vertical	1
33.961365	7.0	3.0	40.0	-62.0	74548.147314	450.0	7.0	5.0	5.0	2700.0	0.0	0.0	22	vertical	1
34.220125	7.4	2.8	48.0	-63.8	59955.196534	533.2	33.0	5.0	4.0	3339.0	1.0	454.0	22	vertical	1
34.483310	7.0	3.0	40.0	-61.25	47130.329816	450.0	65.0	4.0	4.0	3508.0	0.0	0.0	22	vertical	1
34.588629	7.0	3.0	40.0	-62.142857	191646.366195	450.0	35.0	7.0	7.0	1444.0	0.0	0.0	22	vertical	1
34.692155	7.0	3.0	40.0	-62.857143	194964.883139	450.0	33.0	7.0	7.0	1470.0	0.0	0.0	22	vertical	1
35.340828	7.142857	2.857143	45.714286	-63.285714	33468.329714	497.142857	148.0	7.0	6.0	8959.0	1.0	98.0	22	vertical	1
36.260217	7.0	3.0	40.0	-63.0	3369.629676	450.0	210.0	1.0	1.0	12917.0	0.0	0.0	22	vertical	1
36.676665	7.0	3.0	40.0	-63.0	41027.884268	450.0	56.0	6.0	6.0	5587.0	0.0	0.0	22	vertical	1
36.869090	7.5	2.75	50.0	-65.5	64461.593067	554.0	7.0	4.0	3.0	2461.0	1.0	480.0	22	vertical	1
36.991177	7.0	3.0	40.0	-62.166667	152350.833565	450.0	15.0	6.0	6.0	1561.0	0.0	0.0	22	vertical	1
37.200043	7.0	3.0	40.0	-63.0	74219.70467	450.0	28.0	5.0	5.0	2686.0	0.0	0.0	22	vertical	1
38.421683	7.0	3.0	40.0	-62.888889	20364.426212	450.0	254.0	9.0	9.0	16952.0	0.0	0.0	22	vertical	1
38.557617	7.0	3.0	40.0	-62.0	114040.666731	450.0	13.0	5.0	5.0	1880.0	0.0	0.0	22	vertical	1
38.870930	7.0	3.0	40.0	-62.166667	54533.293551	450.0	63.0	6.0	6.0	4379.0	0.0	0.0	22	vertical	1
39.080826	7.0	3.0	40.0	-63.0	96161.80888	450.0	23.0	7.0	7.0	2950.0	0.0	0.0	22	vertical	1
39.521553	7.0	3.0	40.0	-62.833333	42203.084127	450.0	93.0	6.0	6.0	6028.0	0.0	0.0	22	vertical	1
39.705921	7.0	3.0	40.0	-62.6	159951.804227	450.0	63.0	10.0	10.0	2574.0	0.0	0.0	22	vertical	1
40.333904	7.0	3.0	40.0	-62.0	34551.86152	450.0	129.0	7.0	7.0	8873.0	0.0	0.0	22	vertical	1
40.879889	7.0	3.0	40.0	-62.0	39740.991522	450.0	12.0	7.0	7.0	7766.0	0.0	0.0	22	vertical	1
41.102094	7.2	2.8	48.0	-63.6	63005.038261	516.0	12.0	5.0	4.0	3230.0	1.0	1555.0	22	vertical	1
41.273432	7.0	3.0	40.0	-63.0	18081.209447	450.0	3.0	1.0	1.0	2403.0	0.0	0.0	22	vertical	1
41.586573	7.0	3.0	40.0	-62.8	49504.933263	450.0	29.0	5.0	5.0	4353.0	0.0	0.0	22	vertical	1
41.691575	7.0	3.0	40.0	-62.166667	162720.235877	450.0	0.0	6.0	6.0	1370.0	0.0	0.0	22	vertical	1
41.925749	7.0	3.0	40.0	-62.8	66198.630421	450.0	28.0	5.0	5.0	2853.0	0.0	0.0	22	vertical	1
42.053296	7.0	3.0	40.0	-61.8	121539.518549	450.0	11.0	5.0	5.0	1821.0	0.0	0.0	22	vertical	1
43.097114	7.0	3.0	40.0	-61.5	5935.902028	450.0	136.0	2.0	2.0	14771.0	0.0	0.0	22	vertical	1
43.465811	7.0	3.0	40.0	-62.0	50447.924409	450.0	15.0	6.0	6.0	5237.0	0.0	0.0	22	vertical	1
43.570228	7.0	3.0	40.0	-62.142857	193300.929506	450.0	32.0	7.0	7.0	1485.0	0.0	0.0	22	vertical	1
43.884372	7.0	3.0	40.0	-62.6	44527.432867	450.0	56.0	5.0	5.0	4414.0	0.0	0.0	22	vertical	1
44.511723	7.0	3.0	40.0	-61.4	24691.112706	450.0	72.0	5.0	5.0	8823.0	0.0	0.0	22	vertical	1
44.616436	7.0	3.0	40.0	-63.0	177628.544334	450.0	29.0	6.0	6.0	1475.0	0.0	0.0	22	vertical	1
45.394962	7.0	3.0	40.0	-62.545455	39913.87953	450.0	110.0	11.0	11.0	11060.0	0.0	0.0	22	vertical	1
45.765478	7.0	3.0	40.0	-63.0	37752.73157	450.0	14.0	5.0	5.0	5259.0	0.0	0.0	22	vertical	1
46.182411	7.0	3.0	40.0	-62.833333	44611.538588	450.0	45.0	6.0	6.0	5657.0	0.0	0.0	22	vertical	1
46.285859	7.0	3.0	40.0	-62.142857	195227.677028	450.0	14.0	7.0	7.0	1191.0	0.0	0.0	22	vertical	1
46.544011	7.166667	2.833333	46.666667	-64.5	66232.190778	505.0	18.0	6.0	5.0	3340.0	1.0	1548.0	22	vertical	1
47.772812	7.0	3.0	40.0	-62.0	2521.158224	450.0	199.0	1.0	1.0	15954.0	0.0	0.0	22	vertical	1
47.878525	7.0	3.0	40.0	-61.8	146641.862101	450.0	8.0	5.0	5.0	1355.0	0.0	0.0	22	vertical	1
48.294996	7.0	3.0	40.0	-61.7	70809.193877	450.0	14.0	10.0	10.0	5571.0	0.0	0.0	22	vertical	1
48.480253	7.0	3.0	40.0	-62.142857	108951.783281	450.0	10.0	7.0	7.0	2583.0	0.0	0.0	22	vertical	1
48.583840	7.0	3.0	40.0	-62.75	119744.455061	450.0	22.0	4.0	4.0	1230.0	0.0	0.0	22	vertical	1
49.002355	7.0	3.0	40.0	-62.166667	40825.277903	450.0	49.0	6.0	6.0	5454.0	0.0	0.0	22	vertical	1
49.315041	7.142857	2.857143	45.714286	-64.0	69392.244443	497.142857	6.0	7.0	6.0	4065.0	1.0	2287.0	22	vertical	1
49.420934	7.0	3.0	40.0	-62.166667	175650.082371	450.0	8.0	6.0	6.0	1341.0	0.0	0.0	22	vertical	1
49.732747	7.0	3.0	40.0	-62.833333	54795.663839	450.0	12.0	6.0	6.0	4283.0	0.0	0.0	22	vertical	1
49.837111	7.0	3.0	40.0	-62.142857	193400.156422	450.0	0.0	7.0	7.0	1488.0	0.0	0.0	22	vertical	1
49.937491	5.044643	3.0	79.285714	-63.660714	6705451.889071	774.977679	63.0	224.0	17.0	1355.0	3.0	1487.0	22	vertical	1
50.037829	5.0	3.0	80.0	-63.696429	41860275.710668	780.0	1.0	1400.0	22.0	1427.0	27.0	49.0	22	vertical	1
50.138108	5.0	3.0	80.0	-63.644979	42241932.903331	780.0	5.0	1414.0	31.0	1427.0	14.0	44.0	22	vertical	1
50.238296	5.0	3.0	80.0	-63.61976	39868652.973735	780.0	2.0	1336.0	27.0	1356.0	19.0	48.0	22	vertical	1
51.299538	5.003311	3.0	79.933775	-63.675497	1707173.605258	779.453642	156.0	604.0	15.0	14971.0	8.0	23.0	22	vertical	1
51.508389	7.0	3.0	40.0	-62.833333	89058.921842	450.0	8.0	6.0	6.0	2986.0	0.0	0.0	22	vertical	1
51.743564	7.0	3.0	40.0	-62.2	65916.661882	450.0	34.0	5.0	5.0	3317.0	0.0	0.0	22	vertical	1
52.079705	7.0	3.0	40.0	-63.0	55334.033817	450.0	23.0	6.0	6.0	4804.0	0.0	0.0	22	vertical	1
52.473595	7.0	3.0	36.666667	-62.166667	47221.28518	411.0	90.0	6.0	6.0	5602.0	0.0	0.0	22	vertical	1
52.891005	7.166667	2.833333	30.0	-60.333333	44589.274458	310.0	12.0	6.0	6.0	5990.0	0.0	0.0	22	vertical	1
53.285625	7.0	3.0	40.0	-63.0	7850.585687	450.0	88.0	1.0	1.0	5446.0	0.0	0.0	22	vertical	1
53.492744	7.0	3.0	40.0	-63.0	97451.349319	450.0	32.0	7.0	7.0	2690.0	0.0	0.0	22	vertical	1
54.016395	7.0	3.0	36.0	-62.0	29603.663868	403.2	155.0	5.0	5.0	7088.0	0.0	0.0	22	vertical	1
54.537516	7.0	3.0	23.333333	-58.833333	32787.038195	255.0	52.0	6.0	6.0	7051.0	0.0	0.0	22	vertical	1
54.899965	7.0	3.0	40.0	-62.833333	47140.379232	450.0	55.0	6.0	6.0	4779.0	0.0	0.0	22	vertical	1
55.269120	7.0	3.0	40.0	-62.0	41993.218434	450.0	56.0	5.0	5.0	4651.0	0.0	0.0	22	vertical	1
55.373686	5.25641	3.0	76.923077	-62.897436	1127186.046013	764.615385	24.0	39.0	7.0	1320.0	3.0	6449.0	22	vertical	1
55.495136	7.2	2.8	48.0	-63.8	127739.986271	516.0	0.0	5.0	4.0	1602.0	1.0	3256.0	22	vertical	1
55.737149	7.0	3.0	40.0	-62.0	12800.974652	450.0	30.0	1.0	1.0	3131.0	0.0	0.0	22	vertical	1
55.919858	7.0	3.0	40.0	-61.666667	101801.0076	450.0	30.0	6.0	6.0	2395.0	0.0	0.0	22	vertical	1
56.466538	7.0	3.0	40.0	-60.333333	34023.586043	450.0	98.0	6.0	6.0	7105.0	0.0	0.0	22	vertical	1
56.571555	7.0	3.0	40.0	-61.8	133197.666222	450.0	9.0	5.0	5.0	1339.0	0.0	0.0	22	vertical	1
56.835350	7.0	3.0	40.0	-61.2	53026.069425	450.0	48.0	5.0	5.0	3401.0	0.0	0.0	22	vertical	1
57.278773	7.142857	2.857143	45.714286	-63.285714	48932.900365	497.142857	22.0	7.0	7.0	5781.0	0.0	0.0	22	vertical	1
57.510969	7.0	3.0	40.0	-62.0	13342.21327	450.0	47.0	1.0	1.0	2880.0	0.0	0.0	22	vertical	1
58.193500	7.0	3.0	40.0	-62.333333	13634.530115	450.0	98.0	3.0	3.0	8843.0	0.0	0.0	22	vertical	1
58.508079	7.0	3.0	40.0	-62.8	44465.758283	450.0	62.0	5.0	5.0	4061.0	0.0	0.0	22	vertical	1
58.612367	7.0	3.0	40.0	-62.0	134129.765735	450.0	8.0	5.0	5.0	1347.0	0.0	0.0	22	vertical	1
58.717077	7.0	3.0	40.0	-62.0	133587.498479	450.0	17.0	5.0	5.0	1347.0	0.0	0.0	22	vertical	1
59.029670	7.0	3.0	40.0	-61.8	49591.615668	450.0	49.0	5.0	5.0	4067.0	0.0	0.0	22	vertical	1
60.008353	7.25	2.75	50.0	-63.75	11139.462734	532.5	129.0	4.0	3.0	13668.0	1.0	2563.0	22	vertical	1
60.282578	7.0	3.0	40.0	-62.0	11297.268969	450.0	69.0	1.0	1.0	3829.0	0.0	0.0	22	vertical	1
60.701768	7.0	3.0	40.0	-62.0	29590.415641	450.0	113.0	4.0	4.0	5865.0	0.0	0.0	22	vertical	1
61.223646	7.0	3.0	36.0	-61.0	29704.241998	403.2	65.0	5.0	5.0	7401.0	0.0	0.0	22	vertical	1
61.745499	7.0	3.0	23.333333	-57.833333	35642.255918	255.0	58.0	6.0	6.0	7475.0	0.0	0.0	22	vertical	1
61.953892	7.0	3.0	40.0	-62.0	74388.403709	450.0	21.0	5.0	5.0	2969.0	0.0	0.0	22	vertical	1
62.372581	7.0	3.0	40.0	-61.857143	48207.566994	450.0	11.0	7.0	7.0	5793.0	0.0	0.0	22	vertical	1
62.579905	7.0	3.0	40.0	-61.333333	44886.196995	450.0	15.0	3.0	3.0	2939.0	0.0	0.0	22	vertical	1
62.734792	7.0	3.0	40.0	-62.0	70309.717664	450.0	14.0	4.0	4.0	2096.0	0.0	0.0	22	vertical	1
63.017065	7.166667	2.833333	46.666667	-63.5	65893.466122	505.0	64.0	6.0	5.0	4019.0	1.0	1434.0	22	vertical	1
63.189919	7.285714	2.857143	45.714286	-62.428571	125527.952269	509.428571	6.0	7.0	6.0	2462.0	1.0	2429.0	22	vertical	1
63.987788	7.0	3.0	20.0	-57.0	3882.845697	216.0	162.0	1.0	1.0	11186.0	0.0	0.0	22	vertical	1
64.357460	7.0	3.0	24.0	-57.8	37838.928037	262.8	71.0	5.0	5.0	5057.0	0.0	0.0	22	vertical	1
64.669055	7.0	3.0	40.0	-61.2	49750.409525	450.0	74.0	5.0	5.0	4362.0	0.0	0.0	22	vertical	1
65.191442	7.25	2.875	42.5	-62.375	44568.504573	472.75	80.0	8.0	7.0	7365.0	1.0	1341.0	22	vertical	1
65.401703	7.0	3.0	23.333333	-57.666667	81260.900558	255.0	24.0	6.0	6.0	2893.0	0.0	0.0	22	vertical	1
65.635124	7.0	3.0	40.0	-61.2	66412.247752	450.0	30.0	5.0	5.0	3286.0	0.0	0.0	22	vertical	1
65.905570	7.166667	2.833333	46.666667	-63.5	68775.385813	505.0	81.0	6.0	5.0	3841.0	1.0	3954.0	22	vertical	1
66.026728	7.0	3.0	40.0	-62.0	25569.858508	450.0	19.0	1.0	1.0	1710.0	0.0	0.0	22	vertical	1
66.862309	7.0	3.0	40.0	-62.0	25967.549637	450.0	123.0	7.0	7.0	11015.0	0.0	0.0	22	vertical	1
66.966917	6.947368	3.0	40.0	-61.578947	548561.517297	447.631579	18.0	19.0	19.0	1297.0	0.0	0.0	22	vertical	1
67.259751	6.4	2.8	48.0	-63.0	42638.57865	480.0	47.0	5.0	4.0	3982.0	1.0	1593.0	22	vertical	1
67.642741	7.0	2.5	60.0	-65.0	16177.964418	592.5	53.0	2.0	1.0	5415.0	1.0	441.0	22	vertical	1
68.012829	6.2	3.0	36.0	-60.2	41887.357427	367.2	101.0	5.0	5.0	4793.0	0.0	0.0	22	vertical	1
68.382009	7.0	3.0	28.571429	-58.857143	58805.934476	309.142857	63.0	7.0	5.0	4779.0	2.0	1577.0	22	vertical	1
68.482296	5.003165	3.0	79.873418	-62.900316	37561891.07247	778.813291	2.0	1264.0	32.0	1267.0	14.0	712.0	22	vertical	1
68.582873	5.0	3.0	80.0	-62.804608	34381592.175757	780.0	1.0	1172.0	25.0	1181.0	15.0	33.0	22	vertical	1
68.683011	5.0	3.0	80.0	-62.832293	38128728.55516	780.0	0.0	1282.0	20.0	1311.0	18.0	50.0	22	vertical	1
68.784507	5.0	3.0	80.0	-62.74786	37934090.183603	780.0	3.0	1285.0	19.0	1310.0	21.0	8236.0	22	vertical	1
68.884664	5.0	3.0	80.0	-62.769231	38739892.502467	780.0	1.0	1300.0	18.0	1324.0	22.0	43.0	22	vertical	1
68.984757	5.0	3.0	80.0	-62.885514	38086841.57544	780.0	0.0	1284.0	24.0	1298.0	14.0	38.0	22	vertical	1
69.468031	5.022117	2.99842	79.526066	-62.894155	3903778.566944	775.680885	115.0	633.0	12.0	6299.0	10.0	16.0	22	vertical	1
69.684067	6.0	3.0	40.0	-60.333333	79088.775841	405.0	32.0	6.0	6.0	2749.0	0.0	0.0	22	vertical	1
70.027615	6.333333	2.833333	46.666667	-63.5	54175.746593	467.5	63.0	6.0	5.0	4479.0	1.0	605.0	22	vertical	1
70.149298	6.0	3.0	40.0	-61.0	25459.738739	405.0	3.0	1.0	1.0	1590.0	0.0	0.0	22	vertical	1
70.310557	6.0	3.0	40.0	-61.0	86742.390516	405.0	41.0	5.0	5.0	2059.0	0.0	0.0	22	vertical	1
70.462580	6.0	3.0	40.0	-60.833333	112390.724096	405.0	19.0	6.0	6.0	1914.0	0.0	0.0	22	vertical	1
70.728407	6.769231	3.0	38.461538	-61.153846	151639.914197	421.615385	39.0	13.0	9.0	3421.0	1.0	1471.0	22	vertical	1
71.145257	7.0	3.0	25.0	-58.0	26124.535363	274.5	42.0	4.0	4.0	5292.0	0.0	0.0	22	vertical	1
71.353662	7.0	3.0	40.0	-61.2	67119.35669	450.0	7.0	5.0	5.0	2709.0	0.0	0.0	22	vertical	1
72.711472	7.0	3.0	40.0	-61.833333	13698.52478	450.0	213.0	6.0	6.0	19218.0	0.0	0.0	22	vertical	1
73.589065	6.5	3.0	50.0	-61.5	14134.107281	532.5	119.0	4.0	4.0	12240.0	0.0	0.0	22	vertical	1
73.689108	5.001453	3.0	80.0	-62.827762	41270888.72915	780.141715	8.0	1376.0	53.0	1388.0	20.0	6085.0	22	vertical	1
73.789190	5.0	3.0	80.0	-62.795552	41751383.997987	780.0	5.0	1394.0	38.0	1408.0	15.0	52.0	22	vertical	1
73.964859	5.001534	3.0	79.969325	-62.766104	22146630.399898	779.746933	65.0	1304.0	21.0	2511.0	8.0	28.0	22	vertical	1
74.173581	7.0	3.0	40.0	-61.4	74270.878042	450.0	31.0	5.0	5.0	3000.0	0.0	0.0	22	vertical	1
74.785927	6.666667	3.0	46.666667	-62.666667	27902.520775	505.0	182.0	6.0	6.0	8713.0	0.0	0.0	22	vertical	1
74.885935	5.0	3.0	80.0	-62.772532	42042752.803029	780.0	7.0	1398.0	51.0	1386.0	13.0	675.0	22	vertical	1
74.985963	5.0	3.0	80.0	-62.880252	42842026.730775	780.0	1.0	1428.0	28.0	1446.0	11.0	39.0	22	vertical	1
75.085989	5.0	3.0	80.0	-62.980797	42055199.764078	780.0	1.0	1406.0	24.0	1428.0	18.0	4146.0	22	vertical	1
75.220145	5.038462	3.0	78.846154	-62.711538	1178957.301253	769.153846	34.0	52.0	1.0	1844.0	1.0	4.0	22	vertical	1
75.324575	7.0	3.0	31.111111	-59.333333	252724.697723	346.0	7.0	9.0	9.0	1371.0	0.0	0.0	22	vertical	1
75.531631	7.0	3.0	40.0	-62.0	89830.642001	450.0	3.0	6.0	6.0	2881.0	0.0	0.0	22	vertical	1
75.894047	7.142857	2.857143	45.714286	-63.142857	59903.545028	497.142857	24.0	7.0	6.0	5083.0	1.0	2940.0	22	vertical	1
76.873017	7.166667	2.833333	46.666667	-63.5	18999.57266	505.0	167.0	6.0	5.0	13914.0	1.0	1654.0	22	vertical	1
77.830393	7.0	3.0	20.0	-57.0	3235.926963	216.0	166.0	1.0	1.0	13414.0	0.0	0.0	22	vertical	1
77.935576	7.0	3.0	23.333333	-57.833333	162440.113281	255.0	34.0	6.0	6.0	1489.0	0.0	0.0	22	vertical	1
78.064242	6.666667	3.0	46.666667	-62.166667	144561.396255	505.0	35.0	6.0	6.0	1802.0	0.0	0.0	22	vertical	1
78.164511	5.0	3.0	80.0	-62.82534	41539707.348343	780.0	2.0	1397.0	40.0	1412.0	15.0	345.0	22	vertical	1
78.264589	5.0	3.0	80.0	-62.927116	37951285.661376	780.0	0.0	1276.0	32.0	1287.0	13.0	43.0	22	vertical	1
78.560617	5.004338	3.0	79.913232	-62.826464	4638203.923197	779.284165	68.0	461.0	16.0	3890.0	11.0	26.0	22	vertical	1
78.690102	7.0	3.0	40.0	-61.166667	131953.574368	450.0	42.0	6.0	6.0	1683.0	0.0	0.0	22	vertical	1
78.991130	6.6	3.0	48.0	-62.2	51496.89108	516.0	59.0	5.0	5.0	3915.0	0.0	0.0	22	vertical	1
79.091424	5.0	3.0	80.0	-62.806801	38303677.148256	780.0	14.0	1294.0	38.0	1326.0	25.0	899.0	22	vertical	1
79.192555	5.0	3.0	80.0	-62.81655	37873830.118264	780.0	2.0	1281.0	23.0	1296.0	15.0	4134.0	22	vertical	1
79.293812	5.0	3.0	80.0	-62.832947	38163557.309869	780.0	4.0	1293.0	19.0	1316.0	12.0	42.0	22	vertical	1
79.862997	5.002849	3.0	79.94302	-62.883191	3663598.614709	779.529915	82.0	702.0	19.0	7879.0	11.0	34.0	22	vertical	1
80.023895	7.0	3.0	40.0	-61.142857	125445.423236	450.0	11.0	7.0	7.0	2260.0	0.0	0.0	22	vertical	1
80.754967	7.0	3.0	40.0	-62.0	19133.559414	450.0	148.0	5.0	5.0	9993.0	0.0	0.0	22	vertical	1
80.860228	7.0	3.0	40.0	-61.8	147271.711272	450.0	19.0	5.0	5.0	1335.0	0.0	0.0	22	vertical	1
81.117959	7.0	3.0	40.0	-61.0	60147.928907	450.0	78.0	5.0	5.0	3606.0	0.0	0.0	22	vertical	1
81.380549	7.0	3.0	40.0	-61.333333	70832.973297	450.0	55.0	6.0	6.0	3749.0	0.0	0.0	22	vertical	1
81.486132	7.0	3.0	40.0	-62.666667	161825.54827	450.0	19.0	6.0	6.0	1479.0	0.0	0.0	22	vertical	1
81.646411	7.333333	2.833333	46.666667	-62.666667	106601.658663	519.333333	28.0	6.0	5.0	2296.0	1.0	3216.0	22	vertical	1
81.824461	7.0	3.0	40.0	-63.0	17399.551932	450.0	49.0	1.0	1.0	2379.0	0.0	0.0	22	vertical	1
82.112433	7.285714	2.857143	45.714286	-63.571429	75347.657139	509.428571	25.0	7.0	7.0	3586.0	0.0	0.0	22	vertical	1
82.489591	7.2	2.8	48.0	-63.0	41133.945418	516.0	12.0	5.0	4.0	4934.0	1.0	2712.0	22	vertical	1
82.738560	7.0	3.0	40.0	-62.0	12443.336078	450.0	17.0	1.0	1.0	3253.0	0.0	0.0	22	vertical	1
82.844608	7.0	3.0	40.0	-62.0	131901.955093	450.0	34.0	5.0	5.0	1351.0	0.0	0.0	22	vertical	1
83.415648	7.0	3.0	40.0	-61.8	27146.945005	450.0	146.0	5.0	5.0	7603.0	0.0	0.0	22	vertical	1
83.575663	7.0	3.0	40.0	-61.2	96878.506042	450.0	48.0	5.0	5.0	2239.0	0.0	0.0	22	vertical	1
84.096269	7.0	3.0	40.0	-61.923077	74497.818835	450.0	81.0	13.0	13.0	7419.0	0.0	0.0	22	vertical	1
84.619094	7.0	3.0	40.0	-61.2	26754.657842	450.0	107.0	5.0	5.0	7232.0	0.0	0.0	22	vertical	1
85.664452	7.0	3.0	40.0	-62.166667	17792.939811	450.0	114.0	6.0	6.0	14828.0	0.0	0.0	22	vertical	1
85.976478	7.0	3.0	40.0	-62.833333	59610.501904	450.0	83.0	6.0	6.0	4464.0	0.0	0.0	22	vertical	1
86.080710	7.0	3.0	40.0	-62.0	193644.343956	450.0	9.0	7.0	7.0	1392.0	0.0	0.0	22	vertical	1
86.821629	7.2	2.8	48.0	-63.8	20938.866461	516.0	65.0	5.0	4.0	10263.0	1.0	2683.0	22	vertical	1
87.071553	7.0	3.0	37.142857	-62.428571	80760.523418	416.571429	26.0	7.0	7.0	3520.0	0.0	0.0	22	vertical	1
87.204675	7.2	2.8	32.0	-61.0	116449.737902	328.8	0.0	5.0	4.0	1883.0	1.0	1338.0	22	vertical	1
88.484432	7.0	3.0	40.0	-62.0	2420.771696	450.0	218.0	1.0	1.0	18104.0	0.0	0.0	22	vertical	1
89.214019	7.0	3.0	36.0	-61.2	19188.933613	403.2	102.0	5.0	5.0	9768.0	0.0	0.0	22	vertical	1
89.320209	7.0	3.0	40.0	-62.8	131727.029501	450.0	6.0	5.0	5.0	1353.0	0.0	0.0	22	vertical	1
89.423791	7.0	3.0	40.0	-62.0	149658.272394	450.0	2.0	5.0	5.0	1358.0	0.0	0.0	22	vertical	1
89.632219	7.0	3.0	40.0	-62.0	74375.973849	450.0	10.0	5.0	5.0	2703.0	0.0	0.0	22	vertical	1
90.259278	7.0	3.0	40.0	-61.8	24721.75495	450.0	114.0	5.0	5.0	8161.0	0.0	0.0	22	vertical	1
90.468737	7.0	3.0	40.0	-61.25	59219.060433	450.0	47.0	4.0	4.0	2599.0	0.0	0.0	22	vertical	1
90.701065	7.0	3.0	40.0	-62.0	66724.656543	450.0	32.0	5.0	5.0	3061.0	0.0	0.0	22	vertical	1
90.910696	7.0	3.0	40.0	-62.0	88727.307663	450.0	39.0	6.0	6.0	2526.0	0.0	0.0	22	vertical	1
91.199256	7.0	3.0	40.0	-62.0	53721.922507	450.0	15.0	5.0	5.0	3778.0	0.0	0.0	22	vertical	1
91.722412	7.0	3.0	40.0	-62.0	26737.768691	450.0	72.0	5.0	5.0	6778.0	0.0	0.0	22	vertical	1
91.875912	7.166667	2.833333	46.666667	-63.5	121172.703957	505.0	12.0	6.0	6.0	1981.0	0.0	0.0	22	vertical	1
92.243993	7.0	3.0	30.0	-60.6	84231.333146	333.0	60.0	10.0	10.0	4915.0	0.0	0.0	22	vertical	1
92.766832	7.0	3.0	40.0	-62.0	38604.65775	450.0	99.0	7.0	7.0	7346.0	0.0	0.0	22	vertical	1
92.919052	7.0	3.0	40.0	-62.0	122191.202007	450.0	39.0	6.0	6.0	2078.0	0.0	0.0	22	vertical	1
93.521209	7.0	3.0	40.0	-62.0	38684.252549	450.0	50.0	8.0	8.0	7490.0	0.0	0.0	22	vertical	1
93.939699	7.0	3.0	40.0	-61.8	37042.706362	450.0	29.0	5.0	5.0	5345.0	0.0	0.0	22	vertical	1
94.123592	7.0	3.0	29.090909	-58.818182	168979.203127	322.363636	26.0	11.0	11.0	2342.0	0.0	0.0	22	vertical	1
94.265100	7.5	2.5	50.0	-62.833333	131525.448719	498.0	25.0	6.0	4.0	1769.0	2.0	6040.0	22	vertical	1
94.365208	5.004386	2.999123	80.0	-60.097368	33788859.375915	780.171053	11.0	1140.0	59.0	1254.0	65.0	1589.0	22	vertical	1
94.465738	5.0	3.0	80.0	-61.72895	25681134.951498	780.0	10.0	867.0	12.0	1329.0	76.0	16859.0	22	vertical	1
94.566659	5.0	3.0	80.0	-61.559466	24411678.812126	780.0	0.0	824.0	14.0	1265.0	87.0	12743.0	22	vertical	1
94.667305	5.0	3.0	80.0	-61.595	11721414.052581	780.0	31.0	400.0	14.0	1219.0	151.0	33601.0	22	vertical	1
94.768349	5.0	3.0	80.0	-62.613936	15602699.36463	780.0	17.0	531.0	18.0	1312.0	149.0	8994.0	22	vertical	1
94.868815	5.0	3.0	80.0	-60.169014	6346332.085197	780.0	11.0	213.0	7.0	1302.0	89.0	58440.0	22	vertical	1
94.990976	5.0	3.0	80.0	-63.426036	8293225.36318	780.0	1.0	338.0	6.0	1613.0	190.0	34049.0	22	vertical	1
95.091688	5.0	3.0	80.0	-63.144981	8084761.992254	780.0	7.0	269.0	9.0	1305.0	113.0	13335.0	22	vertical	1
95.191694	5.0	3.0	80.0	-63.727165	25087009.595246	780.0	1.0	843.0	10.0	1310.0	127.0	25052.0	22	vertical	1
95.292668	5.0	3.0	80.0	-61.160436	18769126.062708	780.0	0.0	642.0	15.0	1141.0	101.0	16898.0	22	vertical	1
95.393186	5.0	3.0	80.0	-59.580592	18043508.132213	780.0	2.0	608.0	13.0	1300.0	82.0	8897.0	22	vertical	1
95.494129	5.0	3.0	80.0	-62.018051	16237087.777653	780.0	0.0	554.0	7.0	1260.0	153.0	25290.0	22	vertical	1
95.594132	5.00295	3.0	80.0	-62.417404	20229964.338207	780.287611	21.0	678.0	27.0	1288.0	57.0	8829.0	22	vertical	1
95.695202	5.004882	3.0	80.0	-61.986168	36361895.007298	780.475997	0.0	1229.0	42.0	1246.0	23.0	4155.0	22	vertical	1
95.796429	5.0	3.0	80.0	-60.428309	32121764.111552	780.0	0.0	1088.0	21.0	1305.0	109.0	12526.0	22	vertical	1
95.896447	5.0	3.0	80.0	-59.526453	34283584.605972	780.0	1.0	1153.0	18.0	1308.0	60.0	175.0	22	vertical	1
95.997241	5.032609	3.0	79.73913	-59.794565	27213077.01117	779.755435	38.0	920.0	37.0	1301.0	37.0	418.0	22	vertical	1
96.097704	5.0	3.0	80.0	-61.642085	30372305.006394	780.0	21.0	1017.0	28.0	1307.0	79.0	8511.0	22	vertical	1
96.197709	5.0	3.0	80.0	-59.327029	37933597.041155	780.0	0.0	1269.0	19.0	1316.0	43.0	8261.0	22	vertical	1
96.297718	5.0	3.0	80.0	-58.594641	34500236.582074	780.0	12.0	1157.0	24.0	1303.0	54.0	167.0	22	vertical	1
96.397786	5.005305	3.0	79.893899	-59.260831	33766392.541637	779.124668	1.0	1131.0	19.0	1291.0	66.0	4281.0	22	vertical	1
96.497793	5.0	3.0	80.0	-59.966764	30364452.646574	780.0	1.0	1023.0	25.0	1296.0	146.0	16679.0	22	vertical	1
96.598594	5.0	3.0	80.0	-59.187633	13793879.84713	780.0	4.0	469.0	9.0	1335.0	140.0	13138.0	22	vertical	1
96.698847	5.0	3.0	80.0	-60.182692	12412844.842821	780.0	8.0	416.0	10.0	1313.0	156.0	21413.0	22	vertical	1
96.800033	5.0	3.0	80.0	-61.484463	20839348.29295	780.0	3.0	708.0	13.0	1308.0	164.0	16997.0	22	vertical	1
96.900430	5.01451	3.0	79.709794	-62.291415	24510254.97294	777.605804	3.0	827.0	23.0	1316.0	132.0	16896.0	22	vertical	1
97.001670	5.0	3.0	80.0	-62.931416	26575075.976435	780.0	1.0	904.0	23.0	1307.0	186.0	33196.0	22	vertical	1
97.102575	5.0	3.0	80.0	-63.523104	33826419.529509	780.0	1.0	1147.0	24.0	1337.0	115.0	4311.0	22	vertical	1
97.202762	5.0	3.0	80.0	-63.339344	36222704.96529	780.0	2.0	1220.0	43.0	1298.0	71.0	121.0	22	vertical	1
97.302921	5.0	3.0	80.0	-62.546667	38161192.757599	780.0	1.0	1275.0	23.0	1316.0	30.0	65.0	22	vertical	1
97.404301	5.0	3.0	80.0	-62.438776	31782850.439624	780.0	1.0	1078.0	20.0	1297.0	105.0	12527.0	22	vertical	1
97.504571	5.007018	3.0	79.859649	-62.17076	25411183.109872	778.842105	0.0	855.0	22.0	1195.0	102.0	20842.0	22	vertical	1
97.604586	5.0	3.0	80.0	-63.348879	33197039.106527	780.0	0.0	1115.0	10.0	1324.0	112.0	8411.0	22	vertical	1
97.704971	5.0	3.0	80.0	-65.605482	35834942.725572	780.0	0.0	1204.0	15.0	1430.0	101.0	8434.0	22	vertical	1
97.806263	5.0	3.0	80.0	-66.780576	41264667.674867	780.0	5.0	1390.0	32.0	1403.0	17.0	45.0	22	vertical	1
97.906507	5.0	3.0	80.0	-66.466875	38327998.395192	780.0	0.0	1283.0	12.0	1423.0	79.0	12442.0	22	vertical	1
98.007051	5.0	3.0	80.0	-66.855474	20426820.047059	780.0	2.0	685.0	16.0	1428.0	294.0	33525.0	22	vertical	1
98.107055	5.0	3.0	80.0	-64.54686	31096679.716514	780.0	2.0	1035.0	22.0	1461.0	212.0	25028.0	22	vertical	1
98.207999	5.0	3.0	80.0	-62.396226	26738835.663592	780.0	6.0	901.0	22.0	1343.0	251.0	25038.0	22	vertical	1
98.308218	5.0	3.0	80.0	-63.167205	36916439.837086	780.0	38.0	1238.0	77.0	1320.0	112.0	16544.0	22	vertical	1
98.408279	7.215909	2.261364	80.0	-69.223485	7818240.772901	780.0	32.0	264.0	25.0	1281.0	133.0	29714.0	22	vertical	1
98.551743	7.944444	2.0	80.0	-71.111111	378811.839442	772.777778	44.0	18.0	1.0	1828.0	16.0	10004.0	22	vertical	1
98.656350	7.0	2.0	80.0	-69.0375	34301202.165964	650.0	7.0	1200.0	16.0	1342.0	52.0	4207.0	22	vertical	1
98.756352	7.0	2.0	80.0	-67.947952	35117841.805796	650.0	2.0	1172.0	28.0	1337.0	78.0	8432.0	22	vertical	1
98.856614	6.96	2.02	80.0	-68.905	5926696.500192	652.6	9.0	200.0	7.0	1295.0	18.0	5199.0	22	vertical	1
98.957511	5.0	3.0	80.0	-61.923077	18746010.323922	780.0	4.0	637.0	19.0	1319.0	161.0	25277.0	22	vertical	1
99.058670	5.0	3.0	80.0	-63.001762	33388841.359458	780.0	2.0	1135.0	16.0	1333.0	125.0	4309.0	22	vertical	1
99.159577	5.0	3.0	80.0	-63.177489	41014922.576984	780.0	3.0	1386.0	35.0	1404.0	17.0	55.0	22	vertical	1
99.260061	5.0	3.0	80.0	-62.820057	42044537.332805	780.0	3.0	1406.0	30.0	1449.0	28.0	4169.0	22	vertical	1
99.360066	5.0	3.0	80.0	-62.910815	42727681.479542	780.0	0.0	1424.0	22.0	1441.0	23.0	4140.0	22	vertical	1
99.460321	5.0	3.0	80.0	-63.010616	42357018.184565	780.0	3.0	1413.0	37.0	1426.0	12.0	46.0	22	vertical	1
99.560325	5.0	3.0	80.0	-63.05955	41317580.417447	780.0	10.0	1377.0	38.0	1403.0	33.0	8261.0	22	vertical	1
99.660575	5.0	3.0	80.0	-63.050255	40956243.656979	780.0	3.0	1373.0	29.0	1428.0	31.0	79.0	22	vertical	1
99.761600	5.0	3.0	80.0	-63.107393	37961235.425614	780.0	2.0	1285.0	19.0	1306.0	22.0	4138.0	22	vertical	1
99.861871	5.0	3.0	80.0	-63.038322	41394210.425741	780.0	3.0	1383.0	24.0	1404.0	13.0	4141.0	22	vertical	1
99.961881	5.0	3.0	80.0	-62.989906	41489286.826425	780.0	3.0	1387.0	24.0	1416.0	23.0	8246.0	22	vertical	1
100.062122	5.0	3.0	80.0	-63.067489	41145104.912372	780.0	3.0	1378.0	26.0	1425.0	30.0	73.0	22	vertical	1
100.162440	5.0	3.0	80.0	-62.997628	37625076.864006	780.0	3.0	1265.0	24.0	1287.0	29.0	4142.0	22	vertical	1
100.263233	5.0	3.0	80.0	-63.092424	38854302.961609	780.0	2.0	1320.0	17.0	1333.0	13.0	30.0	22	vertical	1
100.363673	5.0	3.0	80.0	-63.058955	39773477.777722	780.0	12.0	1340.0	31.0	1355.0	20.0	47.0	22	vertical	1
100.464989	5.0	3.0	80.0	-62.965375	35411956.086009	780.0	5.0	1213.0	25.0	1234.0	25.0	46.0	22	vertical	1
100.565022	5.0	3.0	80.0	-62.951868	41363351.847737	780.0	0.0	1392.0	23.0	1411.0	19.0	42.0	22	vertical	1
100.665227	5.0	3.0	80.0	-63.130366	37346540.427782	780.0	5.0	1258.0	31.0	1285.0	22.0	59.0	22	vertical	1
100.765561	5.0	3.0	80.0	-63.009496	40588686.814703	780.0	5.0	1369.0	38.0	1375.0	20.0	8236.0	22	vertical	1
100.865819	5.0	3.0	80.0	-63.013514	42079250.262063	780.0	1.0	1406.0	36.0	1415.0	17.0	45.0	22	vertical	1
100.965854	5.0	3.0	80.0	-63.122869	42173925.808568	780.0	4.0	1408.0	26.0	1430.0	23.0	4145.0	22	vertical	1
101.171486	5.023064	3.0	79.308072	-62.920923	8840413.202451	773.495881	39.0	607.0	8.0	2753.0	1.0	2.0	22	vertical	1
101.331166	7.0	3.0	32.727273	-60.090909	194601.886212	364.909091	29.0	11.0	11.0	2114.0	0.0	0.0	22	vertical	1
102.376318	7.0	3.0	40.0	-61.0	13383.700571	450.0	201.0	5.0	5.0	14690.0	0.0	0.0	22	vertical	1
103.212207	7.0	3.0	40.0	-61.0	16734.269442	450.0	158.0	5.0	5.0	11867.0	0.0	0.0	22	vertical	1
103.525282	7.0	3.0	40.0	-61.2	49515.313214	450.0	49.0	5.0	5.0	4409.0	0.0	0.0	22	vertical	1
103.943063	7.0	3.0	40.0	-61.833333	44520.925544	450.0	44.0	6.0	6.0	5934.0	0.0	0.0	22	vertical	1
104.151090	7.0	3.0	40.0	-61.333333	37456.744178	450.0	23.0	3.0	3.0	2995.0	0.0	0.0	22	vertical	1
106.110710	7.4	2.8	48.0	-63.8	7916.84123	533.2	326.0	5.0	4.0	27775.0	1.0	1807.0	22	vertical	1
106.657379	7.0	3.0	40.0	-61.0	5667.045198	450.0	117.0	1.0	1.0	7623.0	0.0	0.0	22	vertical	1
106.866099	7.0	3.0	40.0	-61.25	59428.909927	450.0	53.0	4.0	4.0	2959.0	0.0	0.0	22	vertical	1
107.102530	7.2	2.8	48.0	-64.0	59163.125493	516.0	14.0	5.0	4.0	3411.0	1.0	2226.0	22	vertical	1
107.598529	7.0	3.0	40.0	-62.0	6245.983772	450.0	102.0	1.0	1.0	6828.0	0.0	0.0	22	vertical	1
108.225396	7.0	3.0	40.0	-62.0	27256.168903	450.0	136.0	6.0	6.0	8154.0	0.0	0.0	22	vertical	1
108.495144	7.0	3.0	36.666667	-61.333333	63340.684377	411.0	62.0	6.0	6.0	3484.0	0.0	0.0	22	vertical	1
108.746200	7.0	3.0	33.333333	-60.0	37067.414785	372.0	50.0	3.0	3.0	3072.0	0.0	0.0	22	vertical	1
110.104366	7.0	3.0	40.0	-61.666667	5737.147393	450.0	212.0	3.0	3.0	19206.0	0.0	0.0	22	vertical	1
110.208627	7.0	3.0	40.0	-61.583333	327753.684608	450.0	52.0	12.0	12.0	1360.0	0.0	0.0	22	vertical	1
110.627854	7.0	3.0	45.714286	-62.285714	48174.377852	525.0	39.0	7.0	6.0	5393.0	1.0	1954.0	22	vertical	1
110.990572	7.0	3.0	38.181818	-60.727273	89843.825719	428.727273	79.0	11.0	11.0	4689.0	0.0	0.0	22	vertical	1
111.452201	7.75	2.75	35.0	-61.5	26896.070974	389.5	79.0	4.0	2.0	6274.0	2.0	3270.0	22	vertical	1
112.788733	7.0	3.0	80.0	-65.0	2326.918412	975.0	273.0	1.0	0.0	17740.0	1.0	1354.0	22	vertical	1
113.049143	8.0	2.0	80.0	-71.0	6128.798898	780.0	19.0	1.0	0.0	3439.0	1.0	3443.0	22	vertical	1
113.237868	7.0	3.0	40.0	-62.0	16415.428742	450.0	46.0	1.0	1.0	2388.0	0.0	0.0	22	vertical	1
114.283406	7.0	3.0	33.333333	-61.333333	7452.620054	372.0	141.0	3.0	3.0	13576.0	0.0	0.0	22	vertical	1
115.593436	6.6	3.0	32.0	-60.8	11833.320218	328.8	233.0	5.0	5.0	18235.0	0.0	0.0	22	vertical	1
115.693598	5.0	3.0	80.0	-62.899709	40995081.059112	780.0	12.0	1376.0	43.0	1398.0	26.0	1500.0	22	vertical	1
115.793600	5.0	3.0	80.0	-63.018155	41470073.538676	780.0	1.0	1377.0	26.0	1408.0	27.0	56.0	22	vertical	1
115.893610	5.0	3.0	80.0	-62.948513	41331441.507994	780.0	1.0	1379.0	22.0	1429.0	28.0	75.0	22	vertical	1
115.993725	5.0	3.0	80.0	-62.968705	41118353.597381	780.0	1.0	1374.0	24.0	1395.0	18.0	4140.0	22	vertical	1
116.093850	5.0	3.0	80.0	-63.000701	42814686.114213	780.0	4.0	1426.0	34.0	1446.0	18.0	54.0	22	vertical	1
116.193891	5.0	3.0	80.0	-62.998573	41910369.828119	780.0	8.0	1402.0	31.0	1417.0	21.0	47.0	22	vertical	1
116.294460	5.0	3.0	80.0	-63.051243	39574390.094461	780.0	8.0	1327.0	58.0	1358.0	24.0	89.0	22	vertical	1
116.395241	5.0	3.0	80.0	-63.022159	41570444.573803	780.0	3.0	1399.0	17.0	1435.0	20.0	8245.0	22	vertical	1
116.495651	5.0	3.0	80.0	-63.043693	42251267.962997	780.0	3.0	1419.0	25.0	1450.0	19.0	57.0	22	vertical	1
116.790553	5.078431	3.0	78.431373	-62.970588	2082589.590696	767.058824	60.0	204.0	15.0	4142.0	3.0	9.0	22	vertical	1
117.145947	6.714286	3.0	45.714286	-63.0	61053.372136	497.142857	55.0	7.0	7.0	4632.0	0.0	0.0	22	vertical	1
117.246171	5.0	3.0	80.0	-62.985328	38452013.641766	780.0	2.0	1295.0	42.0	1308.0	24.0	441.0	22	vertical	1
117.346501	5.0	3.0	80.0	-63.043807	39292999.859132	780.0	4.0	1324.0	27.0	1340.0	16.0	4139.0	22	vertical	1
117.448455	5.0	3.0	80.0	-62.98452	37724178.567482	780.0	2.0	1292.0	21.0	1313.0	23.0	43.0	22	vertical	1
117.549077	5.009245	3.0	79.8151	-63.03698	38453145.672492	778.474576	4.0	1298.0	28.0	1315.0	14.0	45.0	22	vertical	1
117.649208	5.0	3.0	80.0	-62.967251	38999985.219409	780.0	1.0	1313.0	14.0	1348.0	26.0	4144.0	22	vertical	1
117.749276	5.001675	3.0	80.0	-63.095477	35372061.559826	780.163317	5.0	1194.0	19.0	1213.0	19.0	40.0	22	vertical	1
117.849279	5.0	3.0	80.0	-63.12966	36694808.683097	780.0	13.0	1234.0	32.0	1261.0	27.0	60.0	22	vertical	1
117.949438	5.0	3.0	80.0	-63.07846	40419859.798795	780.0	0.0	1351.0	37.0	1366.0	23.0	4148.0	22	vertical	1
118.049534	5.0	3.0	80.0	-62.993511	41710417.582018	780.0	1.0	1387.0	27.0	1411.0	21.0	52.0	22	vertical	1
118.149869	5.0	3.0	80.0	-62.970714	41891670.888128	780.0	2.0	1400.0	23.0	1433.0	17.0	56.0	22	vertical	1
118.565108	5.009302	3.0	79.813953	-63.060465	1542916.311858	778.465116	104.0	215.0	3.0	5626.0	8.0	14.0	22	vertical	1
118.670608	7.0	3.0	40.0	-62.0	146939.401184	450.0	32.0	5.0	5.0	1361.0	0.0	0.0	22	vertical	1
118.878052	7.0	3.0	40.0	-62.0	74728.388916	450.0	44.0	5.0	5.0	2759.0	0.0	0.0	22	vertical	1
119.088376	7.166667	2.833333	46.666667	-63.5	88492.339999	505.0	32.0	6.0	5.0	2737.0	1.0	2642.0	22	vertical	1
119.193122	7.0	3.0	40.0	-61.2	147995.05367	450.0	17.0	5.0	5.0	1364.0	0.0	0.0	22	vertical	1
120.157373	7.0	3.0	40.0	-61.8	16076.734596	450.0	112.0	5.0	5.0	12996.0	0.0	0.0	22	vertical	1
120.549181	7.0	3.0	40.0	-61.0	39565.333036	450.0	48.0	5.0	5.0	5062.0	0.0	0.0	22	vertical	1
121.120294	7.0	3.0	40.0	-61.0	27143.486951	450.0	116.0	5.0	5.0	8036.0	0.0	0.0	22	vertical	1
121.489194	7.0	3.0	40.0	-61.166667	46316.023341	450.0	103.0	6.0	6.0	5160.0	0.0	0.0	22	vertical	1
121.595038	7.0	3.0	36.666667	-61.166667	175730.838102	411.0	28.0	6.0	6.0	1307.0	0.0	0.0	22	vertical	1
121.699525	7.0	3.0	23.333333	-58.0	163522.615945	255.0	38.0	6.0	6.0	1356.0	0.0	0.0	22	vertical	1
121.820047	7.2	2.8	48.0	-64.8	116161.408102	516.0	25.0	5.0	4.0	1572.0	1.0	2451.0	22	vertical	1
121.957270	7.0	3.0	40.0	-62.0	22576.396014	450.0	30.0	1.0	1.0	1753.0	0.0	0.0	22	vertical	1
122.141843	7.0	3.0	40.0	-61.833333	92570.462424	450.0	19.0	6.0	6.0	2395.0	0.0	0.0	22	vertical	1
122.244610	7.0	3.0	46.666667	-61.833333	166376.445283	537.5	4.0	6.0	5.0	1265.0	1.0	3151.0	22	vertical	1
122.559654	7.0	3.0	33.333333	-61.0	29538.693219	372.0	30.0	3.0	3.0	3981.0	0.0	0.0	22	vertical	1
122.663961	7.0	3.0	24.0	-59.6	148619.392284	262.8	25.0	5.0	5.0	1347.0	0.0	0.0	22	vertical	1
123.394376	7.0	3.0	40.0	-61.8	21223.540941	450.0	50.0	5.0	5.0	9506.0	0.0	0.0	22	vertical	1
124.513390	7.2	2.8	48.0	-63.2	12511.012249	516.0	215.0	5.0	4.0	15394.0	1.0	2864.0	22	vertical	1
125.144876	7.0	3.0	40.0	-62.0	4905.890895	450.0	65.0	1.0	1.0	8848.0	0.0	0.0	22	vertical	1
125.249736	7.0	3.0	37.142857	-61.714286	192484.381338	416.571429	3.0	7.0	7.0	1466.0	0.0	0.0	22	vertical	1
125.772292	7.0	3.0	24.0	-60.4	26768.462504	262.8	134.0	5.0	5.0	7267.0	0.0	0.0	22	vertical	1
##	271978.0	130507.0	2.084011										22	vertical	1
